:020000040800F2
:1000000000400120450200088D0200083930000838
:100010003F300008453000084B3000080000000069
:100020000000000000000000000000001146000871
:100030008D020008000000007F4600088F4600087F
:100040008D0200088D0200088D0200088D02000854
:100050008D0200088D0200088D0200088D02000844
:100060008D0200088D0200088D020008D1120008E0
:10007000DD120008E9120008F5120008011300085B
:100080000D130008191300088D0200088D020008E6
:100090008D0200088D0200088D0200088D02000804
:1000A0008D0200088D0200088D0200088D020008F4
:1000B0008D0200088D0200088D0200088D020008E4
:1000C0008D0200088D0200088D020008CD10000886
:1000D000D91000088D0200088D0200088D0200086A
:1000E0008D0200088D0200088D0200088D020008B4
:1000F0008D020008000000008D020008E5100008D5
:100100008D0200088D020008251300083113000835
:100110003D130008491300085513000800000000B3
:100120008D02000800000000000000000000000038
:1001300000000000000000005FF808F10348044BD5
:10014000834202D0034B03B11847704720090020B7
:1001500020090020000000000548064B1B1AD90F9B
:1001600001EBA301491002D0034B03B118477047BC
:1001700020090020200900200000000010B5064CD6
:10018000237843B9FFF7DAFF044B13B10448AFF308
:1001900000800123237010BD200900200000000012
:1001A0009891000808B5054B1BB105490548AFF308
:1001B0000080BDE80840FFF7CFBF00BF000000008F
:1001C0002409002098910008A3F5803A704700BFE9
:1001D000174B002B08BF134B9D46FFF7F5FF00217F
:1001E0008B460F461348144A121A06F00FFF0E4BA7
:1001F000002B00D098470D4B002B00D098470020D3
:10020000002104000D000D48002802D00C4803F026
:100210007BFE06F0BFFF2000290004F077F904F010
:1002200071F800BF00000800000000005D440008F5
:100230000040012020090020F0290020093F00088B
:1002400000000000002103E00B4B5B5843500431D9
:100250000A480B4B42189A42F6D30A4A02E000239E
:1002600042F8043B084B9A42F9D301F0B3FFFFF781
:10027000AFFF704770470000A491000828010020DC
:100280002009002020090020F0290020FEE70000BE
:1002900010B5204994B00A6812F0020202D0002082
:1002A00014B010BD01244B6A002843F080534B6208
:1002B0004B6A194903F080530193019B0B684FF47B
:1002C000801023F4C05343F400630B6014BF052374
:1002D0002346022108934FF48033CDE910134FF4E5
:1002E0000003CDE9120307A807940A9201F010FA5F
:1002F0000028D4D10F220323CDE904000690214623
:1003000002A8CDE9022301F051FCB0FA80F04009C7
:10031000C6E700BF003802400070004030B51E4BF9
:1003200095B05A6A1D4D42F080525A625B6A0024B1
:1003300003F080530193019B2B68012023F4C053E9
:1003400043F400632B60022310224FF4002CCDE90C
:100350000734CDE910344FF40003CDE90A0207A8B1
:10036000CDE912C301F0D4F998B96B6813F010030A
:10037000FBD10F21032202A8CDE902120121CDE910
:100380000433069301F012FCB0FA80F0400915B076
:1003900030BD2046FBE700BF00380240007000403F
:1003A00008B50120FFF774FF28B9FFF7B7FF10B9B0
:1003B000014803F0FBFC08BD84810008F7B500F09C
:1003C000C9FC041E26DB144F57F8240010B3134E4B
:1003D000A50173591A68120606D5DB68190603D5FC
:1003E0000F4B01211B68984773591A68920608D56C
:1003F000DB68980605D50A4B00211B6857F82400D6
:10040000984773591A68110704D55A69D20744BF2F
:100410005B68019303B0F0BD800A00204009002012
:100420003C0900200148FFF7C9BF00BF0050004051
:100430000148FFF7C3BF00BF004C00400148FFF771
:10044000BDBF00BF004800400148FFF7B7BF00BF75
:10045000004400400148FFF7B1BF00BF0038014031
:1004600001234109034A00F01F00834042F8213074
:10047000704700BF00E100E001220649430900F097
:100480001F008240203341F82320BFF34F8FBFF37A
:100490006F8F704700E100E0034B19604168034B28
:1004A00043F82120704700BF3C090020800A00204B
:1004B00030B4D0E90035274883422CD00AD8A0F5C3
:1004C0000060834221D000F58060834220D0002468
:1004D000204608E02048834220D000F5684083424F
:1004E000F5D125201D4C1E4BAD015B59E2B1DA68F8
:1004F000B9B942F02002DA601A4B00F110029B6891
:1005000043F8224030BCFFF7ABBF2620164CEAE789
:100510002720164CE7E73020154CE4E73120154C36
:10052000E1E742F08002E6E7DA6849B922F020020A
:10053000DA60DB6813F0800F09D130BCFFF79CBF95
:1005400022F08002DA60DB6813F0200FF4E730BCA1
:10055000704700BF004C00400050004055040008A8
:100560004009002000ED00E0490400083D040008B7
:10057000310400082504000838B5044645682046C3
:1005800000F08AFB0028FAD0054BAD015B59E26808
:1005900058680AB9C0B238BDC0F30800FBE700BF15
:1005A0004009002070B505460C464668284600F014
:1005B00089FB0028FAD0054BEA68B6019B5912B9AD
:1005C000E4B25C6070BDC4F30804FAE7400900209F
:1005D00091FAA1F3B3FA83F391FAA1F130B5B1FA2C
:1005E00081F1032504685B0005FA03F3490024EA5E
:1005F00003038A401A43026030BD000000B5334B4C
:1006000089B007285ED8DFE800F004101B26313CD3
:100610004752DA692E4842F00102DA61DB6903F0E1
:1006200001030093009B09B000BDDA69294842F03C
:100630000202DA61DB6903F002030193019BF2E736
:10064000DA69254842F00402DA61DB6903F0040349
:100650000293029BE7E7DA69204842F00802DA6178
:10066000DB6903F008030393039BDCE7DA691C48AA
:1006700042F01002DA61DB6903F010030493049B7B
:10068000D1E7DA69174842F04002DA61DB6903F02A
:1006900040030593059BC6E7DA69134842F08002E0
:1006A000DA61DB6903F080030693069BBBE7DA6936
:1006B0000E4842F02002DA61DB6903F02003079361
:1006C000079BB0E70A4803F071FB00BF0038024007
:1006D000000002400004024000080240000C0240FA
:1006E0000010024000180240001C024000140240AA
:1006F00098810008431C10B504D1772206490748A9
:1007000003F02CF94FF4707100F00F0400F058F969
:100710000120A04010BD00BFEE810008F981000853
:100720004B1C70B504460E46018218D0C1F303106D
:10073000FFF764FF05463046FFF7DCFF238A084ACF
:1007400003F00F0352F823306561A36105F1100334
:10075000636005F1180328352060A360E56070BD73
:10076000A08E0008B0F9100000F0BAB903460A469E
:10077000D3E905010AB9FFF72BBF0122FBE708B552
:1007800000F0CEFC002008BD38B503F0A7F9124BED
:10079000124913485C6A02680B889B1A2344B3F51C
:1007A000803F16D34FF47A75B3FBF5F205FB123395
:1007B00005E00132A3F57A73B3F57A7FF9D20460CC
:1007C000084C0B8023681344236003F09DF92068D4
:1007D00038BD0022F0E700BF000C0040940A002062
:1007E0009C0A0020980A0020704770474FF6FF725D
:1007F000032310B58EB0CDE909230023CDE90B33D7
:10080000454C0D93E36909A943F00103E361E369F2
:10081000424803F001030193019B00F03DFEE369B0
:1008200009A923F00103E361E3693D4843F00203B2
:10083000E361E36903F002030293029B00F02CFEE4
:10084000E36909A923F00203E361E369354843F052
:100850000403E361E36903F004030393039B00F0E3
:100860001BFEE36909A923F00403E361E3692E4851
:1008700043F00803E361E36903F008030493049B76
:1008800000F00AFEE36909A923F00803E361E369C4
:10089000264843F01003E361E36903F01003059376
:1008A000059B00F0F9FDE36909A923F01003E3615A
:1008B000E3691F4843F04003E361E36903F0400349
:1008C0000693069B00F0E8FDE36909A923F04003C5
:1008D000E361E369174843F08003E361E36903F0F0
:1008E00080030793079B00F0D7FDE369124823F0CC
:1008F0008003E361E36909A943F02003E361E3694D
:1009000003F020030893089B00F0C6FDE36923F081
:100910002003E3610EB010BD003802400000024029
:100920000004024000080240000C02400010024097
:1009300000180240001C02400014024008B5FFF7F6
:1009400054FF01F04FFC00F00DFDFFF729FD01F011
:1009500049FCFFF74BFF00F0ABFCFFF745FF01221E
:10096000014B1A6008BD00BFA00A002091FAA1F354
:10097000B3FA83F391FAA1F130B5B1FA81F103250D
:1009800084685B0005FA03F3490024EA03038A4004
:100990001A43826030BD91FAA1F3B3FA83F391FA5E
:1009A000A1F130B5B1FA81F10325C4685B0005FA05
:1009B00003F3490024EA03038A401A43C26030BDAE
:1009C000B0F1FF3F2DE9F84380460E467FD0414B02
:1009D00000F00F02C0F3031053F82250C1F3831943
:1009E00001F00707FFF70AFEB9F10F0F0CBF032252
:1009F0004A4629460446FFF7B9FF032F5ED8DFE8D1
:100A000007F062642C02032395FAA5F2B2FA82F28F
:100A100003202168520000FA02F221EA020195FA4D
:100A2000A5F2B2FA82F252009340013F0B43012F2C
:100A3000236005D8636832074CBF2B43AB43636028
:100A4000C6F30112012A02D0022A18BF0022294649
:100A50002046BDE8F843FFF79EBF18F0080FC6F325
:100A6000832217D02B0A93FAA3F1B1FA81F193FAFA
:100A7000A3F34FF00F0CB3FA83F3406A89000CFA2A
:100A800001F19B0020EA010102FA03F30B436362C8
:100A90000223B9E795FAA5F3B3FA83F3016A0F20AD
:100AA0009B0000FA03F321EA030195FAA5F3B3FAD8
:100AB00083F39B009A400A432262E9E7D522064964
:100AC000064802F04BFF00239EE701239CE7BDE8A8
:100AD000F88300BFA08E000841820008518A0008F8
:100AE000431C70B50D4634D01A4B00F00F02C0F312
:100AF000031053F82240FFF781FD94FAA4F194FA11
:100B0000A4F2B1FA81F106688AB10323B2FA82F243
:100B100049008B4033405200D340013B012B06D8A3
:100B2000EB1E022B436894BF2343A3434360013D64
:100B3000042D0CD8DFE805F00309030B090001229E
:100B40002146BDE87040FFF726BF0222F8E70022E9
:100B5000F6E770BDA08E00080FB407B5064B05AAD6
:100B60001B680649D868019202F0B7FE03B05DF831
:100B700004EB04B0704700BF0C0700204A82000855
:100B800003683E4A10B59342044636D13C4B5A693D
:100B900042F480425A615A6922F480425A611A6AC8
:100BA00022F480421A6240F2C331B4F91800FFF710
:100BB00007FF40F2C331B4F91A00FFF701FF236ABF
:100BC00023F40073B3F5807F05D140F2C331B4F94B
:100BD0002400FFF7F5FE236A23F48073B3F5007F4A
:100BE00005D140F2C331B4F92600FFF7E9FE002138
:100BF0006268244B43F8221010BD234A93420DD162
:100C00001F4B9A6942F400329A619A6922F40032C9
:100C10009A615A6A22F400325A62C4E71B4A93422C
:100C20000CD1174B9A6942F480229A619A6922F496
:100C300080229A615A6A22F48022EDE7144A934294
:100C40000CD10F4B9A6942F400229A619A6922F4FE
:100C500000229A615A6A22F40022DDE70D4A93428B
:100C6000A1D1074B9A6942F480129A619A6922F4E1
:100C700080129A615A6A22F48012CDE7003801404E
:100C800000380240800A0020004400400048004034
:100C9000004C0040005000404368094A9B01D35873
:100CA00082B01A68120706D5002201921A680192D2
:100CB0005A680192019A1868C0F3401002B0704758
:100CC000400900204368034A9B01D3581868C0F3C9
:100CD000C010704740090020034640681A68144954
:100CE00010B484010A519A6801EB80104260DA68FE
:100CF00082601A69C2605A6902611A6A82610022BE
:100D0000C2848284C2858285C261B3F91A20B2F19D
:100D1000FF3F0AD0B3F9183001330CBF04220C2274
:100D20000B195A6110BC01F026BA0822F8E700BF7F
:100D30004009002010B581600C46FFF7CDFF28B1B7
:100D40002146BDE810400248FFF706BF10BD00BFB6
:100D50004A8200080F4B984213D0A3F5744398427F
:100D600011D003F5806398420FD003F58063984259
:100D70000DD003F5806398420CBF04204FF0FF3084
:100D80007047002070470120704702207047032001
:100D9000704700BF003801402DE9F0470F4686B08C
:100DA0005A4904463846164601F0C6FF584980465F
:100DB000304601F0C1FF0146404601F09BFF534918
:100DC0000546384601F0CEFF51498246304601F0D3
:100DD000C9FF022F81460AD0032E08D002204B49BA
:100DE00001F0AAFF40450CD14A4802F0DFFF4FF066
:100DF0000108691C256007D141224749474802F094
:100E0000ADFD4FF00008F4E7454B9D4214D103F5CA
:100E100080331A6A42F480421A621B6A03F48043E8
:100E20000193019B2846FFF795FF606001303FD199
:100E3000A02239493B48E2E73B4B9D420BD103F5E9
:100E4000FA335A6A42F400325A625B6A03F400339E
:100E50000293029BE6E7354B9D420BD103F5F83335
:100E60005A6A42F480225A625B6A03F48023039335
:100E7000039BD7E72E4B9D420BD103F5F6335A6AFD
:100E800042F400225A625B6A03F400230493049B39
:100E9000C8E7284B9D42C5D103F5F4335A6A42F4A2
:100EA00080125A625B6A03F480130593059BB9E7CD
:100EB00051463846FFF784FD01213846FFF710FE02
:100EC00049463046FFF77CFD30460121FFF708FE1A
:100ED00000234FF4E1322046C4E90223C4E904337D
:100EE000236227836683FFF7F7FEB8F1000F0AD06D
:100EF0000122114B21461A604C22104806B0BDE871
:100F0000F04706F085B906B0BDE8F08724810008F7
:100F1000C480000874820008DE820008EB820008AA
:100F200000380140078300080044004000480040AA
:100F3000004C004000500040F00A0020A40A0020AD
:100F40001A4BD86810F4005018BF1868184B18BF17
:100F5000C0F38010DA6818BF80F00100910441BF2F
:100F60001B68C3F3801383F001031843114BDA6845
:100F7000920441BF1B68C3F3801383F0010318433D
:100F80000D4BDA68910441BF1B68C3F3801383F0F3
:100F900001031843094BDA68920441BF1B68C3F38D
:100FA000801383F001031843704700BF00380140ED
:100FB0000044004000480040004C00400050004009
:100FC000034A516A536A5B1A8342FBD3704700BFDE
:100FD000000C004010B5002486B01422214601A860
:100FE000009406F013F8694601A800F003FF0F23F0
:100FF000009901A8CDE9024401930594049400F0FE
:10100000D5FD10B1024802F0D1FE06B010BD00BF00
:101010001983000800B58FB00021342201A805F023
:10102000F5FF104B01A85A6A42F080525A625B6A7F
:1010300003F080530093009B00F09AFE10230121DF
:101040004FF440420193002301A8CDE90713CDE9F5
:10105000092300F05DFB10B1034802F0A7FE0FB0BA
:1010600000BD00BF003802404183000808B502F00F
:1010700035FD0121002000F0D7FABDE8084002F05C
:1010800043BD000038B5FFF75BFF0546D8B902F055
:1010900025FD00F0DDF801210B4C084600F0DCFADC
:1010A0002560FFF7B7FFFFF795FFFFF779F94FF4DA
:1010B000FA70FFF785FF00F0E3F801232360BDE835
:1010C000384002F021BD38BDA00A0020014B18684D
:1010D00000F0B0BEFC0A0020014B186800F0AABE68
:1010E000F80A0020014B186800F0A4BEF40A0020A2
:1010F000074B084A13601A69910707D5DA68920707
:1011000004D56FF002021A6101F03ABF704700BFC8
:10111000000C00400C0B002000487047E08E0008D7
:1011200030B589B001A903A800F064FE00F000FE0C
:10113000204B01905A6A204C42F008025A625A6AC7
:1011400002F008020292029A9A6942F008029A6139
:101150009A6922F008029A61A3F50B3323604FF0DD
:10116000FF33069AE360154BF2B9B0FBF3F3581E58
:101170000025606010482561A560656100F03BFFB7
:101180000F4B104A9B68C3F8F8204FF480420E4B77
:101190005A600948294600F053FF2268D36823F0BB
:1011A0000203D36009B030BD4000B0FBF3F001385A
:1011B000DEE700BF003802400C0B002040420F0069
:1011C00000ED00E0F110000800E100E0044800211B
:1011D0000268D36823F00203D36000F031BF00BF80
:1011E0000C0B0020014B586A704700BF000C0040F8
:1011F0006FF00202044B1B6858631A61DA6842F010
:101200000202DA60704700BF0C0B00206FF0020290
:10121000054B1B681A615A6942F002025A61DA688A
:1012200042F00202DA6070470C0B0020034B1A6890
:10123000D36823F00203D360704700BF0C0B00207B
:101240006FF00202014B1B681A6170470C0B002003
:10125000064B074A1B68596A11605A6B054B1A60A6
:10126000054BDA68054B1A60704700BF0C0B002075
:10127000080B0020040B0020000C0040000B002095
:10128000064B074A1B6812685A62064A12685A637C
:10129000054B1A68054BDA60704700BF0C0B002045
:1012A000080B0020040B0020000B0020000C004065
:1012B0001FB5054B0FCB8DE80F00684604F032F9DF
:1012C000024B186005B000BDE88E0008D80B002066
:1012D000014B586800F096B84C0B0020014BD868C1
:1012E00000F090B84C0B0020014B586900F08AB810
:1012F0004C0B0020014BD86900F084B84C0B002047
:10130000014B586A00F07EB84C0B0020014BD86AA4
:1013100000F078B84C0B0020014B586B00F072B80D
:101320004C0B0020014BD86B00F06CB84C0B00202C
:10133000014B586C00F066B84C0B0020014BD86C88
:1013400000F060B84C0B0020014B586D00F05AB80B
:101350004C0B0020014BD86D00F054B84C0B002012
:10136000704700000B4B10B51A68032042F00402CE
:101370001A601A6842F002021A6000F00DF80F209D
:10138000FFF7FDF9044618B9FFF7EAFF204610BD44
:101390000124FBE7003C024007490302CA6803F44A
:1013A000E06322F4E0621204120C134343F0BF63C3
:1013B00043F40033CB60704700ED00E010B590F8C7
:1013C0002120022A03D004228263012010BD02687A
:1013D000436B116821F00E011160116821F00101C9
:1013E00011600121D0E90F4202F01C0201FA02F261
:1013F0006260002280F8211080F8202003B1984715
:101400000020E3E770B40424C16B026C0E6802F0A4
:101410001C020368944034421D680ED015F0040F7E
:101420000BD01A6892065EBF1A6822F004021A6096
:10143000C36A4C6073B370BC1847022494403442B2
:1014400012D015F0020F0FD01A68950606D41A684C
:1014500022F00A021A60012380F8213000234C6038
:1014600080F82030836AE5E708249440344211D0A4
:101470002C070FD51C6824F00E041C60012303FA0E
:1014800002F24A60836380F82130002380F8203024
:10149000036BCFE770BC70472DE9F74F00224FF088
:1014A0000F09DFF878C15E4C0B6833FA02F502D100
:1014B00003B0BDE8F08F012505FA02F818EA03032E
:1014C00000F09D8003264D68570025F0100A06FAAB
:1014D00007FE0AF1FF36012E0FD8866826EA0E0BAA
:1014E000CE68BE4046EA0B068660466826EA0808D3
:1014F0002E09964046EA08064660C668BAF1020F11
:1015000026EA0E088E6806FA07F646EA0806C6605E
:1015100014D14FEAD20800EB880802F0070AD8F885
:1015200020604FEA8A0A09FA0AFB26EA0B0B0E69C9
:1015300006FA0AF646EA0B06C8F82060066826EAAC
:101540000E0E05F00306BE4046EA0E060660EE00EB
:1015500055D5DCF8206022F0030746F00106CCF8F0
:101560002060DCF8206007F1804706F00106019654
:1015700007F5803702F0030E019E4FEA8E0EBE681B
:1015800009FA0EF826EA0808264EB04239D006F5C8
:101590008066B04237D006F58066B04235D006F599
:1015A0008066B04233D006F58066B04231D006F591
:1015B0008066B0422FD006F58066B04214BF072681
:1015C000062606FA0EF646EA0806BE602668EF030F
:1015D00054BF9E431E4326606668AF0354BF9E43BC
:1015E0001E436660A668EF0254BF9E431E43A6607A
:1015F000E668AD0254BF26EA03033343E3600132D9
:1016000052E70026DDE70126DBE70226D9E70326BD
:10161000D7E70426D5E70526D3E700BF0038024008
:101620000004014000000240094A0129136823F028
:10163000030343EA00031360064A136923F004031B
:10164000136101D130BF704740BF20BF20BF70473A
:101650000070004000ED00E00B4A0129136823F000
:10166000030343EA00031360084B1A6942F00402C3
:101670001A6105D130BF1A6922F004021A6170475D
:1016800040BF20BF20BFF6E70070004000ED00E043
:101690001C4B82B09A6812F0F00F0CD000221A494D
:1016A0000B6823F0010313430B60086800F001008E
:1016B000504002B070475A6A144912F0805F0FD050
:1016C0000A6802F4C052B2F5C05FE7D1B0F5404FEE
:1016D000E4D10D4A136843F0040313600122DEE7EE
:1016E0005A6A42F080525A625A6A02F0805201925B
:1016F000019A0A68596A02F4C05221F08051596275
:10170000E1E700BF00380240003C024000700040AA
:101710002DE9F743044618B9012003B0BDE8F08372
:101720008D4B02689E689F68D00706F00C0607F490
:1017300080374AD42368990700F18E802368D80641
:1017400035D5002E40F0D980834F3B68990502D5EE
:10175000A369002BE0D07B68256A03F460439D42B7
:1017600040F2B8802846FFF793FF0028D4D17B6869
:1017700023F460432B437B607B68E26923F07F4363
:1017800043EA02637B60744B74499A684FF40043E8
:101790006D0BC2F303128A5C0135AB40D340704A33
:1017A0001360704B1868FEF7EAFF0028B5D1236874
:1017B000180700F1DB802368590700F1FB80636A9A
:1017C000002B40F063810020A7E7082E02D00C2EEA
:1017D00007D137B11B689A03ACD56368002BA9D138
:1017E0009AE763685C4D012B12D12B6843F4803378
:1017F0002B60FEF7C9FF8046574D2B689B0399D499
:10180000FEF7C2FFA0EB08006428F6D9032084E7A6
:10181000A3B92B6823F480332B602B6823F4802337
:101820002B60FEF7B1FF80462B68980382D5FEF748
:10183000ABFFA0EB08006428F6D9E7E7052B2B687F
:1018400003D143F480232B60CFE723F480332B6054
:101850002B6823F48023CBE7042E02D00C2E10D16A
:101860007FB93D4A1368990703D5E368012B7FF4DC
:1018700053AF5368216923F4F85343EA01235360BB
:101880005CE7E268384BB2B101221A60FEF77CFFD8
:101890000746314D2B689A0707D56B68226923F4F8
:1018A000F85343EA02236B6048E7FEF76DFFC01B65
:1018B0000228EFD9AAE71A60FEF766FF0746264D11
:1018C0002B689B077FF53AAFFEF75EFFC01B02282F
:1018D000F6D99BE77B68284623F460432B437B6063
:1018E0007B68E26923F07F4343EA02637B60FFF792
:1018F000CFFE00283FF447AF0EE7A2691A4BE2B1D2
:1019000001221A62FEF740FF0746134D2B689A0525
:101910000DD56B68226A23F4604313436B606B68D8
:10192000E26923F07F4343EA02636B603FE7FEF71F
:101930002BFFC01B0228E9D968E71A62FEF724FFD3
:101940000746054D2B689B057FF531AFFEF71CFF61
:10195000C01B0228F6D959E700380240008F000862
:10196000300100202C010020000047426269724BC8
:1019700082B10122C3F88026FEF706FF07466F4DAD
:101980006B6B9A073FF517AFFEF7FEFEC01B0228F0
:10199000F6D93BE7C3F88026FEF7F6FE0746674D0B
:1019A0006B6B9B077FF507AFFEF7EEFEC01B0228AF
:1019B000F6D92BE7614B5A6AD00027D401275A6A1F
:1019C00042F080525A625B6A03F080530193019B9C
:1019D0005B4D2B68D9051BD5A368584D012B28D129
:1019E0006B6B43F480736B63FEF7CEFE41F2883974
:1019F0008046524D6B6B9B0541D5002F3FF4DFAE07
:101A00004E4A536A23F080535362D8E60027DFE73B
:101A10002B6843F480732B60FEF7B6FE80462B687C
:101A2000DA05D9D4FEF7B0FEA0EB08006428F6D999
:101A3000ECE6B3B96B6B41F2883923F480736B63C6
:101A40006B6B23F480636B63FEF79EFE80466B6BCB
:101A50009805D2D5FEF798FEA0EB08004845F6D9C8
:101A6000D4E6052B6B6B03D143F480636B63B7E75C
:101A700023F480736B636B6B23F48063B3E7FEF72F
:101A800083FEA0EB08004845B4D9BFE60C2E3AD03F
:101A90000022022B284B1A6627D1FEF775FE064658
:101AA000264D2B6899011AD4AA68D4E90A3122F488
:101AB0007D020B431343226B204C13430122AB6086
:101AC0001D4B1A66FEF760FE054623689A013FF536
:101AD0007AAEFEF759FE401B0228F6D996E6FEF7CD
:101AE00053FE801B0228DCD990E6FEF74DFE05462A
:101AF000124C23689B017FF566AEFEF745FE401B46
:101B00000228F6D982E6012B3FF406AE0B4B98680B
:101B1000A36A00F480329A427FF4FEADE26A00F4D8
:101B2000701393427FF4F8AD236B00F44000C01AA9
:101B300018BF0120F1E500BF000047420038024015
:101B40000070004008B5154B9A6802F00C01082996
:101B50001FD00C2909D004291DD04FF400405B6828
:101B6000C3F342330133984012E09B680C4813F4EE
:101B70008033C2F38341415C14BF0A480A48C2F370
:101B8000815218BF0023A1FB0001013206F0B2F818
:101B900008BD0448FCE70448FAE700BF00380240EB
:101BA000108F000800127A000024F4002DE9F041A3
:101BB00004460D4610B90120BDE8F081574B1A6864
:101BC00002F001028A422AD32268960738D4D0074D
:101BD0003ED4524B1A6802F00102AA4200F28C80F5
:101BE0002268510700F19180130707D54C4A2169FB
:101BF000936823F4605343EAC1039360FFF7A2FFA5
:101C0000BDE8F041464B474A9B68C3F30313D35CDE
:101C1000D840454B1860454B1868FEF7B0BD012908
:101C200002BF1A6842F004021A601A6822F0010228
:101C30000A431A601B6803F001038B42BBD1C3E760
:101C40003749A0688B6823F0F00303438B60BEE73D
:101C50006168334B02291A681CD112F4003FAAD0E4
:101C60009A6841F2883822F003020A439A60FEF72C
:101C70008BFD63680646022B294F18D1BB6803F021
:101C80000C03082BA5D0FEF77FFD801B4045F5D93E
:101C9000032091E7032902D112F0007FDFE7012939
:101CA00002D112F0020FDAE712F4007FD7E7032B1C
:101CB0000AD1BB6803F00C030C2B8AD0FEF764FD3D
:101CC000801B4045F5D9E3E7012B10D1BB6803F039
:101CD0000C03042B3FF47DAFFEF756FD801B4045FF
:101CE000F4D9D5E7FEF750FD801B4045D0D8BB683E
:101CF00013F00C0FF6D16CE71A6822F001021A609B
:101D00001B68DA077FF56CAF55E70549E0688B681B
:101D100023F4E06303438B6066E700BF003C0240AE
:101D200000380240008F0008300100202C01002004
:101D3000044B054A9B68C3F30223D35C034A106833
:101D4000D840704700380240F88E0008300100206B
:101D5000044B054A9B68C3F3C223D35C034A106853
:101D6000D840704700380240F88E0008300100204B
:101D70001F2303601E4B1A6851034EBF05221A68C9
:101D8000C2F3004242601A6802F00102C2605A685F
:101D9000C2F3042202611A68C2F3002282615A6807
:101DA000120EC2615A6802F4604202625A6B520516
:101DB0004EBF05235B6BC3F3002383600C4B5A6B50
:101DC00002F0010242611A6812F0807F0CBF01220A
:101DD000022242629A6802F4803282629A6802F4B5
:101DE0007012C2629B6803F440030363704700BF34
:101DF000003802400F2303600B4B9A6802F0030285
:101E000042609A6802F0F00282609A6802F4E0622E
:101E1000C2609B68DB0803F4E0630361034B1B684B
:101E200003F001030B60704700380240003C0240A1
:101E300070470000F0B5036804465D689A6885B095
:101E400056064FEA9211C2F3801708D4D60706D57A
:101E50006E0604D5036C05B0BDE8F0401847960740
:101E600004D5280602D52046636CF4E741EA5211F6
:101E700002F4807001F0010101434FEA521656D07E
:101E8000AA0654D577B194F851200021032A48D0EE
:101E9000626D42F0040262650091DA6800929A680D
:101EA0000092009AF1070CD5626D42F00102626562
:101EB000002202929A6802921A6822F040021A6086
:101EC000029A40B1626D42F00802626500220392FC
:101ED0009A680392039A626D4AB35A6822F0E0024C
:101EE0005A60012284F85120AA0722D05A68E06C77
:101EF00022F003025A6040B1104B4363FFF75EFAD1
:101F000018B1636D43F040036365A06C78B10B4B6F
:101F10004363FFF753FA50B1636D43F040036365C9
:101F200005E00191DA6801929B680193019B05B07D
:101F3000F0BD2046FFF77CFFF9E700BF411F000816
:101F400008B50023406AC387C386FFF771FF08BD49
:101F5000B0F1804F03680ED01D4A90420BD002F5BD
:101F60008062904207D002F58062904203D002F571
:101F70007C42904226D14A6823F07003B0F1804F32
:101F800043EA02030ED0124A90420BD002F580625F
:101F9000904207D002F58062904203D002F57C4265
:101FA000904203D1CA6823F4407313430A6923F0B3
:101FB0008003134303608B68C3620B688362012351
:101FC00043617047034A9042ECD002F58062E7E734
:101FD00000040040000C014010B50124036A01F028
:101FE0001F018C4023EA04030362036A8A401A43F8
:101FF000026210BD704710B50446F0B190F8393058
:1020000003F0FF021BB980F83820FFF7F3FF02232B
:10201000206884F83930211DFFF79AFF0123002042
:1020200084F83E3084F83A3084F83B3084F83C3011
:1020300084F83D3084F8393010BD0120FCE7000001
:1020400008B529B990F83A30012B1DD001203AE0AB
:10205000042907D190F83B30012BF7D1022380F8F7
:102060003B3014E0082907D190F83C30012BEDD12A
:10207000022380F83C300AE090F83D30012BE5D196
:10208000022380F83D3002E0022380F83A300068F5
:102090000122FFF7A1FFB0F1804F0AD00A4B98420E
:1020A00007D003F58063984203D003F5803398424C
:1020B00004D1836803F00703062B03D0036843F0C1
:1020C00001030360002008BD0004004010B5044671
:1020D0000268C168136923F440530B43136183689A
:1020E0000069D1680343606921F416410343E06944
:1020F00021F00C0103430B43D3605369A16923F41E
:1021000040730B4353611A4B9A4220D1FFF720FED4
:102110001923E1695843D4E90023B1F5004F4FF08A
:10212000640117D15B00B0FBF3F0B0FBF1F401FBED
:102130001400C3003233B3FBF1F303F007015B007B
:1021400001EB041103F4F8730B44936010BDFFF727
:10215000EFFDDDE79B00B0FBF3F0B0FBF1F401FB1A
:1021600014031B013233B3FBF1F303EB0413ECE76D
:1021700000380140704710B5044640B390F839303C
:1021800003F0FF021BB980F83820FFF7F3FF242388
:10219000226884F83930D368204623F40053D36092
:1021A000FFF794FF236800201A6922F490421A6115
:1021B0005A6922F02A025A61DA6842F40052DA605F
:1021C0002023E06384F8393084F83A3010BD0120D0
:1021D000FCE70000014A024B9A60704700000008CB
:1021E00000ED00E0184A936803F00C03082B28D098
:1021F0000BD863B1154B144A15499268C2F3031208
:102200008A5CD340134A136070470C2B07D04FF4FD
:1022100000435268C2F3423201329340EBE79168C7
:10222000936892680C48D203C1F38341415C54BF68
:10223000064A0A4AC3F3815351430133B1FBF3F316
:10224000D9E7064BD7E700BF003802400024F4006E
:10225000008F000830010020108F000800127A0063
:102260000368012200211B691847002203681146F8
:102270001B6918476FF01500704780F83413002071
:10228000704780F850120020704790F83403704770
:1022900090F85002704700207047012070476FF09F
:1022A0001C0070470A4B10B5036048330446C0F861
:1022B000E430D0F8380310B103685B68984704F540
:1022C000407002F0B3F8204600F0E2FB204610BD5B
:1022D000248F0008A0F1E400FFF7E4BF10B5044626
:1022E000FFF7E0FF20464FF44F7102F02EF8204632
:1022F00010BDA0F1E400FFF7F1BF10B40168D0E910
:102300000132541001EB6200D20748BF0A5910BCD9
:1023100048BFD358184700207047012070476FF01E
:102320001C007047D0F8380308B520B100F0B6FAA9
:10233000003818BF012008BD30B5002487B0CDE9B2
:10234000004402AB0ECB054600F05CFB85F836433B
:1023500007B030BD30B50123002487B0CDE900437C
:1023600002AB0ECB054600F04DFB85F8354307B0B8
:1023700030BD10B5044601F0B1FBD4E940239A42C8
:1023800012BF002494F8084184F0010401F0BCFB62
:10239000204610BD38B500F5407400F5FA752046AA
:1023A00002F00EF82846FFF7E4FF20B1204602F0C5
:1023B00023F8002038BD204602F01EF8012001F06D
:1023C000C6FFECE7A0F1E400FFF7E4BF38B505462F
:1023D000E830FFF7CEFF80F001042846E4B2FFF7B3
:1023E000A1FF18B144F40054204638BD95F8FC22F2
:1023F00044F010031BB2824208BF1C46F4E7A0F170
:10240000E400FFF7E3BF000038B504460D4601F0D5
:1024100065FBD4F800312A78E2540133B3F5807FAC
:1024200005D94FF4AF720C490C4801F097FA08BF78
:10243000002394F80821C4F800312AB1C4F804310B
:10244000BDE8384001F060BBD4F804219A4204BFD3
:10245000012384F80831F3E7AC830008BD8300084A
:1024600070B504460E4601F039FBD4E940239A4288
:1024700002D194F80851B5B1E35C3370D4F804315B
:102480000133B3F5807F05D94FF4AF72084909488D
:1024900001F064FA4FF0000208BF13460125C4F8AA
:1024A000043184F8082101F02FFB284670BD00BFDD
:1024B000AC830008BD830008C36810B52BB94FF486
:1024C000FD720349034801F049FABDE8104018477E
:1024D0000B8400081684000884B070B5064605AC6D
:1024E00006F5497584E80E0001F0F8FA94E80F004B
:1024F00085E80F00D6F8303343B147F6FF71304618
:10250000FFF764FF10B12846FFF7D6FFBDE8704023
:1025100004B001F0F9BAA0F1E400FFF7DDBF08B59F
:10252000D0F830331BB100F54970FFF7C5FF08BD87
:1025300073B50446E830FFF71CFF064694F8F03107
:102540007BB9204600F03CFA58B1204600F0D2FAA0
:102550000DF107018DF8070004F1E800FFF754FFC3
:10256000ECE794F836332BB194F8F03113B12046F0
:10257000FFF7E2FE56B104F1E800FFF7FAFE28B9D2
:10258000204602B0BDE87040FFF7C9BF02B070BD81
:1025900010B5044686B001F0A1FA94F8BC30BBB186
:1025A00094F83633A3B92046FFF7C2FF94F8F03110
:1025B00073B90A4A0193CDE90323094B02940093AE
:1025C00002AB0ECB204600F01DFA012384F836330F
:1025D00006B0BDE8104001F097BA00BF31250008F1
:1025E000FB22000838B50446002500F0A5F90F4B82
:1025F000C4E97A5523604833C4F8E430C4E9BD55D2
:1026000084F8F05184F8FC5204F5407001F0D0FEDB
:1026100001232046C4F83053A4F8343384F83653E9
:10262000C4F83853FFF7B4FF204638BD248F0008A4
:102630002DE9F8430746894615468AB307F54070E9
:1026400001F0BEFE07F1E800FFF793FEB8B90446BB
:1026500007F1E800FFF78DFE40B909EB040107F12F
:10266000E8000134FFF7FCFEA542F1D13846FFF740
:102670008FFF07F5407001F0BFFE204608E097F895
:10268000343307F540702BB901F0B6FE6FF00A0045
:10269000BDE8F88301F0B0FE012001F058FECDE75F
:1026A0001046F5E7A0F1E400FFF7C2BF70B504469D
:1026B0000E4600F5407001F083FE3146204600F0E2
:1026C0002CFA2046FFF764FF04F5407001F094FEF9
:1026D000002070BDA0F1E400FFF7E8BF73B5044629
:1026E00090F8FC52204600F07CF960B10DF1070132
:1026F00004F5FA70FFF7B4FE28B120469DF80710E4
:1027000000F0FBF9EEE794F835333BB104F5FA70CD
:10271000FFF72FFE10B12046FFF71CFE65B194F8BD
:10272000FC324BB92046FFF7FDFD28B9204602B028
:10273000BDE87040FFF7F3BE02B070BDF8B50546C6
:102740000C46164600F5FA773846FFF712FE20B120
:10275000A719BC4205D13046F8BD2846FFF7BEFF99
:10276000F2E7284614F8011B00F0C7F9F1E7000072
:1027700030B5044687B001F0B1F994F8BD30CBB163
:1027800094F83533B3B92046FFF7A8FF04F5FA7083
:10279000FFF7EFFD70B90125094B0294CDE9033035
:1027A000084B0195009302AB20460ECB00F02AF9AE
:1027B00084F8355307B0BDE8304001F0A5B900BF3B
:1027C000DD260008FB2200082DE9F04706460F46EB
:1027D0001546002A44D001F07EF9044630B12A465D
:1027E00039463046BDE8F047FFF7A8BF06F5407010
:1027F00001F0E6FD96F8FC327BB9A7EB040AA5428E
:102800000AEB04071CD996F8FC32CBB9394606F519
:10281000FA70FFF7F9FD0134F1E796F83433A3B10C
:1028200006F5407001F0E8FD012001F090FD06F58D
:10283000407001F0C5FD96F8FC32002BF0D1DCE7CA
:102840003046FFF795FFA542D4D806F5407001F059
:10285000D3FD002C14BF20466FF00A00BDE8F087BE
:102860001046FBE7A0F1E400FFF7AEBF70B50446E9
:102870000E4600F5407001F0A3FD3146204600F001
:1028800097F92046FFF774FF04F5407001F0B4FD9E
:10289000002070BDA0F1E400FFF7E8BF83681A686C
:1028A00043681A4214BF01200020704770474268F5
:1028B00010B482B1D0E9033404F0010123B951B15D
:1028C00061105158CB5801E00029F9D1816802EB21
:1028D000640010BC184710BC7047000070B5044677
:1028E000D0F8C4104C3000F055FBD4F8D82092B189
:1028F000D4F8C8301BB9D4F8CC30D8070BD5D4E9FC
:1029000037314E1004EB6100C90744BFA159CB58C1
:1029100094F8D0109847D4F8B81004F14C00FEF7A2
:1029200009FA224604F14C000249BDE87040FDF767
:10293000B3BD00BF092B0008F8B5002517464C228F
:102940001C4B044603601C4B0E4643601B4B294640
:10295000C0E90555C0E907558560C36085844563B6
:102960004564A0F848500061104404F04FFB40F269
:102970000113C4E92D57C4F8A450A4F8BC30B3889F
:102980002046A4F8BE30B389C4E93165A4F8C0304C
:102990004FF6FF73C4E93655C4F8CC5084F8D050D4
:1029A000A4F8D230A4F8D430C4F8E050FFF796FF72
:1029B0002046F8BDBC8F0008DD280008AF280008BD
:1029C00038B5054655F84C3B04461B6898472846E1
:1029D000FEF762F90546236820465B68984728465B
:1029E00038BD38B5054655F84C3B04461B6898473A
:1029F0002846FEF767F90546236820465B68984736
:102A0000284638BD84B02DE9F047064609AD85E873
:102A10000E0003689DF834701B68984796F8BC3028
:102A20003C0103B18FB196F8BD300BB1012F0CD032
:102A300095E80F003444983484E80F00336830463A
:102A4000BDE8F0475B6804B0184701F047F804F1AF
:102A500098080C9AB044D8F80C308AB10BB901F040
:102A6000EDF995E80F003444983484E80F00012212
:102A7000394606F14C00FDF71BFD01F045F8DDE796
:102A80000BB101F0F1F90022C8F80C20F0E70000CA
:102A9000F0B5002504462F46104B87B002AE036008
:102AA000CDE90075204696E80E00FFF7ABFF6B1CE2
:102AB000022B4FF00105F3D194F8BC3013B994F810
:102AC000BD301BB104F14C00FEF75AF8206A08B182
:102AD00000F00EFF204607B0F0BD00BFBC8F00081D
:102AE00010B50446FFF7D4FF2046E42101F02DFC89
:102AF000204610BD4C30FDF73FBD10B50C464C30A4
:102B0000FDF750FD204610BD00EB0110983008B5D0
:102B1000C3680BB1FFF7D0FC08BD70B504460D4685
:102B200003681B68984794F8BC30AB4217D0E5B9EE
:102B300000F0D4FF2A46294604F14C00FDF7B8FC0A
:102B4000D4F8A4308BBB00F0DFFF84F8BC5035B95B
:102B500094F8BD301BB904F14C00FEF711F823685E
:102B60002046BDE870405B68184794F8BD304BB90B
:102B7000D4E90132511004EB6200D20744BF62581D
:102B8000D358984700F0AAFFD4F8A430002BDAD02D
:102B900004F19800FFF790FC01F050F901220021A8
:102BA00004F14C00FDF784FCCDE701F05DF9CAE7C4
:102BB00070B504460D4603681B68984794F8BD300D
:102BC000AB4217D0E5B900F089FF2A46012104F194
:102BD0004C00FDF76DFCD4F8B4308BBB00F094FFD3
:102BE00084F8BD5035B994F8BC301BB904F14C00E1
:102BF000FDF7C6FF23682046BDE870405B681847B4
:102C000094F8BC304BB9D4E90132511004EB6200A6
:102C1000D20744BF6258D358984700F05FFFD4F8FA
:102C2000B430002BDAD004F1A800FFF745FC01F026
:102C300005F9012204F14C001146FDF739FCCDE7FE
:102C400001F012F9CAE70000EFF3108372B6054AEB
:102C5000117831B9DB43044903F001030B70012300
:102C600013707047DC0B0020DD0B002008B5EFF37C
:102C70001083DB4313F0010304D0362205490648D4
:102C800000F06CFE054A1370054B1B7803B162B669
:102C900008BD00BF4F8400086B840008DC0B0020D7
:102CA000DD0B0020014B1878704700BFDC0B0020C3
:102CB000F8B50F46044615461E46FDF731FD0137AF
:102CC0000FD022685EB1A368204601211A60FDF78B
:102CD0004DFD29462046BDE8F840FDF743BDE368B9
:102CE000F2E7F8BD13460022FFF7E2BF0022FFF72C
:102CF000F9BF000007B502468A4208460AD0531CB5
:102D000008D0013005D0002303490448009301F0A6
:102D10007BF8104603B000BD8584000830010180B7
:102D2000B1F900305A1C01D118467047834201D1D5
:102D3000486870470C31F3E7421C13B504460AD0CB
:102D4000FFF7EEFF431C06D1002322460349044847
:102D5000009301F059F802B010BD00BF968400083E
:102D600030010180B1F900305A1C01D1184670477A
:102D7000834201D1886870470C31F3E72DE9F041B7
:102D8000456895F832706FBB03685B6898472C6A9A
:102D9000844227D02B69A968041B95F934201C4074
:102DA000A1FB04412862B2B1686A061941F1000131
:102DB000BA4219DBC2F12000A2F1200326FA02F484
:102DC00001FA00F021FA03F304431C43D14004FA52
:102DD00002F2B21A6A62D5E90A321B1941EB02010A
:102DE000C5E90A31BDE8F081D5F80C803B46424682
:102DF000304604F07FFF044608FB10606862EAE793
:102E0000824206D98A420BD9884294BF0020012011
:102E10007047884206D98A428CBF00200120704743
:102E200001207047002070472DE9F04144680646B4
:102E300094F83230002B61D194F83180B8F1000F52
:102E40005CD1FFF79BFF6368002B59D0D3E90003E7
:102E5000D4E90A1281429A4104D33368BDE8F041B3
:102E60005B6918477568D5E90A12401A63EB020CD2
:102E7000EB69D5E90572824273EB0C031FD3EB6853
:102E8000A3FB000103FB0C1195F93330A3B1AA6831
:102E900002F1FF3C1CEB000041F10001002B1BDBA9
:102EA000C3F1200CA3F12002D84001FA0CFC40EA47
:102EB0000C0021FA02F21043874228BF07462B6A12
:102EC0001F442B691F40236ABB4209D140F2C9123B
:102ED0001049114800F042FD434604F00BFFEBE7B8
:102EE000336838461B69984733685B6898473A46A9
:102EF0000146206AFFF784FF0028AED1BDE8F081CB
:102F00006369206A22691844336810401B69BDE870
:102F1000F0411847E3840008F584000870B50546C1
:102F200000F0DCFDD5E90034DB68984794F83230D6
:102F30001BB1BDE8704000F0E7BD012384F83130DB
:102F40006368A3B12846FFF719FFD4E90A626368F2
:102F5000D3E9000186428A4109D36A68DB68526876
:102F600063602368002BEBD090689847E8E7002364
:102F7000284684F83130FFF757FFDAE77047000042
:102F8000024B1B680BB10248184770473401002000
:102F9000CC8F0008B1F90C20B1F90410FDF7FCBE8C
:102FA00008B5BFF35F8F1C4BD3F8901011F47C4F22
:102FB00004D1412219491A4800F0D0FC00221046E1
:102FC000C1F30721C3F894208A421FD11022C3F80D
:102FD0009C20144AC3F8A0201322C3F89C20124A54
:102FE000C3F8A0201122C3F89C20104AC3F8A020E7
:102FF0000F4AC3F89C200F4AC3F8A0200722C3F849
:103000009420BFF34F8FBFF36F8F08BDC3F8982094
:10301000C3F8A0000132D7E700ED00E04A850008C0
:103020005985000839F00206390702133FF50B13E2
:103030001200008039000213102300F007B820238B
:1030400000F004B8302300F001B840239C46F0B4EF
:1030500004AE7546E80801D3EFF309860E4F0FCE94
:103060000FC70FBC0FC74046494652465B460FC7C5
:103070001DCE3100A60A00D304316E0900D24831BA
:103080001FC7EFF309806946EFF3148663C76046F4
:10309000014900F077F800BF180C0020F0B52B4E66
:1030A0000024354685B0214656F8042B28480134C3
:1030B00000F0F8FC0D2CF6D1AB6C264C02936B6C37
:1030C000254801932B6C0093D5E90E23696B00F022
:1030D000E9FC2168214800F0E5FCE16AA26AA36AE4
:1030E000A06A266BE76B000CCDE901670090C3F383
:1030F00007231B48D2B200F0D5FCA36A1E0603D5F5
:10310000616B184800F0CEFCA36A180403D5A16BCC
:10311000154800F0C7FCEB6C190712D5134800F0F6
:10312000C1FC2B6DDA070FD5114800F0BBFCEB6C2E
:103130005B074CBF0F48104805B0BDE8F04000F0F9
:10314000B1BC0E4800F0AEFC0D48EEE7180C0020B4
:103150006685000800ED00E074850008C38500085E
:10316000D1850008208600082E8600083C860008CD
:103170004B8600087B860008878600086B8600085F
:103180005886000807B504460D461A48012100F08C
:103190000CFC68BB184800F085FC302C19D0402C82
:1031A0001CD0202C1FD1154800F07CFC144C154875
:1031B00000F078FCFFF772FF134800F073FC002268
:1031C0000C4B1A7000232A4620461049009300F049
:1031D0001BFE0F4800F066FC0E4CE8E70E4800F0BE
:1031E00061FC0E4CE3E70E4800F05CFC0D4CDEE7A2
:1031F0000024E7E7E50C002093860008BC86000861
:103200003E01FF80E9860008F48600081387000865
:10321000CB8600083F01FF80D48600084001FF8074
:10322000DF8600083D01FF8070B56FF00046144650
:1032300012680D46B242049906D231B1184603F025
:1032400039FD431C05D1206070BD10B1AA4238BFC2
:103250008354236801332360F6E700002DE9F04F23
:10326000924618228DB09DF868308046DDE91646FA
:1032700089460DEB020000219DF86070029303F077
:10328000C5FE029B002B0CBF20233023012F04938B
:1032900022D1002E50DABB46644266EB460600257A
:1032A00006AB0393BB1EDBB20593059B012B46D8EF
:1032B000022F0CBF364A374A04F00F03D25C2409B0
:1032C00044EA06743609039B013503F8012B039386
:1032D00054EA0603E9D10BE03B1FD3F1000B4BEBA3
:1032E000030B54EA0603DAD1302301258DF8183098
:1032F000BBF1000F48D0029B3BB11B9B5246009391
:1033000049462D234046FFF78FFF199B01359D420B
:1033100005DA199BAB421DDCBBF1000F0AD0029B02
:103320003BB91B9B5246009349462D234046FFF76D
:103330007BFF013D06AC22E04FF0000BD1E72046B9
:1033400031460A22002304F0D5FC303204460E46F2
:10335000D2B2B8E71B9B524600934946049B4046B5
:10336000FFF762FF199B013B1993D2E71B9A013DBE
:103370002B5D4946009240465246FFF755FF002D0F
:10338000F4D10DB0BDE8F08F199B9D42C1DBD1E7B0
:1033900037900008279000082DE9F04F1C460023C5
:1033A00095B007460D4693461393B2B1994214DB8C
:1033B00008BF01234FF0000918BF01F1FF3510933A
:1033C0001BF809306BB947B1109B33B9139BAB4263
:1033D00095BF109A109BFA547B55139815B0BDE811
:1033E000F08F252B40F0648209F101031BF80320C4
:1033F000203AD2B20D2A07D842F6090121FA02F288
:10340000D20748BF09F102031BF803202A2A1BD167
:103410004FF0000A01330434CDF828A01BF8032034
:103420002E2A40F0E5800BEB030251782A2926D0A2
:1034300000260A205378303BD9B2092940F2D480C3
:10344000CBF1010313441DE0302A11D101331BF8E5
:103450000320302AFAD001224FF0000A0A925B447E
:103460001A78303AD1B2092904D9A3EB0B03D5E776
:103470000022F1E70A21013301FB0A2AF0E754F8A0
:10348000046B02331BF80320682A40F0B4800BEB76
:1034900003025278682A00F0BE801C22B2498A5C7E
:1034A00002F00F01CB181BF803800E93B8F1690FDF
:1034B00000F2EE80B8F1570F00F2BE80A8F146038B
:1034C000012B00F2EA80073424F00704F4E8022319
:1034D00019461046CDE9082304F024FC6FF00043A0
:1034E0009E420D9107900B9100F03B81002E00F061
:1034F0006381012200230F920A220C939E4200F363
:10350000378107980B9904F00DF902460B46DDE967
:10351000080103F07DFF804689460F980C9904F05E
:1035200001F902460B464046494604F029F90022BB
:1035300080468946DDE90801002304F093FB1190E1
:10354000002800F01F814B4642460020874903F0C7
:103550005FFF04F0E7FB0F9B894698420C9B804677
:10356000994109DB4FF00008079B013B07930D9B36
:1035700063F100030B93C146731CAAEB030A2AEA0A
:10358000EA7A079B0B9A134340F03181DDE9080189
:103590000022002304F066FB002800F028811E9B17
:1035A000002205930A9BCDE903A304230293002381
:1035B000CDE900232946384613AAFFF74FFE002E17
:1035C00000F043811E9B2946009338462E2313AA00
:1035D000FFF72AFE1E9BCDE9008905930123CDE963
:1035E0000363002302939FE000FB0636013221E7CC
:1035F0006FF0004646E76C2A06D10BEB03025278C7
:103600006C2A0AD0202249E74C3AD2B22E2A7FF601
:1036100045AF002244E7722242E7822240E7082BAE
:103620003BD8DFE813F029013A003A0016013A00CE
:103630006C003A003A006C00A8F15803112B2CD80A
:1036400001A151F823F000BFFF3600089B360008A7
:103650009B3600089B3600089B3600089B36000806
:103660009B3600089B3600089B3600089B360008F6
:103670009B36000839380008B93600089B36000828
:10368000C7340008C73400089B360008B936000864
:10369000A8F17003D9B20829C1D91E9B294600930D
:1036A0003846252313AAFFF7BFFD0E9BB8F1250F5F
:1036B00018BF4B460E93C8E0822A10D1073424F07D
:1036C00007031C465B6854F8082B1E99009205916D
:1036D0000A99CDE903A101210291019324E0112A65
:1036E00054F8043B07D0722A15BF1A465AB2D317B2
:1036F00043F3C013E9E71AB243F3C033E5E7822A84
:1037000018D1073424F007021446526854F8083BD5
:103710001E99B8F1750F05910A99CDE903A119D148
:103720000021CDE9003202912946384613AAFFF75D
:1037300095FD8AE0512A54F8043B09D0722A03D03F
:10374000112A03D00022E3E7DBB2FBE79BB2F9E7E3
:10375000DA17DDE7B8F1580F01D10321E1E70221C3
:10376000DFE70626C5E600BFF88F00080000E03F4F
:103770000F980C99A0FB020C02FB01C10F900C9159
:103780000133BBE64F4B00224046494603F042FE60
:1037900004F0C8FA0F9B894698420C9B80469941D9
:1037A000FFF6EAAE079BDDF84480013307930D9BDB
:1037B00043F100030B93DEE60D9903F0B3FF0246DD
:1037C0000B46DDE9080103F023FE02460B46CDE976
:1037D000082300223B4B04F063FAA0B1079B01339E
:1037E00007930D9B43F100030B93B046B1461E9B1C
:1037F00005930A9BCDE903A301230293079B009342
:103800000B9B0193D6E60022DDE908012E4B04F064
:1038100029FA70B1079B13F1FF380D9B63F1000982
:1038200058EA09033FF4BBAECDF81C80CDF82C90CC
:10383000DBE7B046B146A4E61E9A14F8043B2946DD
:103840000092384613AAFFF7EFFC0E9B03F1010923
:10385000B6E554F8048B464498F80030002BF4D0B9
:10386000B045F2D01E9A29460092384613AAFFF7B7
:10387000DBFC08F10108EFE71E9B54F8046B2946B6
:103880003846009313AA3023FFF7CEFC1E9B29462F
:1038900000933846782313AAFFF7C6FC1E9B0096B8
:1038A00005930023CDE9033303230293F31714E7B1
:1038B0001E9A29460092384613AAFFF7B5FCCDF8A8
:1038C0003890C2E70000E03F0000E0BF13B50024DD
:1038D0000094FFF761FD02B010BD07B513460090DC
:1038E0000A4600206FF00041FFF756FD03B000BD0F
:1038F000024B1B6803B11847704700BF6C0C0020D7
:10390000036870B5012200211B6905469847041E13
:103910000CDB2B68022200211B69284698472B6884
:103920002146002204461B6928469847204670BD60
:10393000034B186818B14FF0FF3101F00BBE704710
:103940003C110020024B186808B101F01BBE704703
:103950003C11002002F0ACBC02F09EBB07B50B4648
:10396000009201460022014800F04EFA4401FF8017
:1039700003464FF00102D3E84F0FC3E8412FC0B216
:103980000029F8D17047D0E85F3F5B18C0E8523F8C
:10399000002AF8D198B27047D0E85F3F5B1AC0E8C0
:1039A000523F002AF8D198B270470346D3E84F0F30
:1039B000C3E8421FC0B2002AF8D1704700B589B0F1
:1039C00000F08CF800211C2201A803F01FFB052148
:1039D00001A8FFF78BF90424039B019A0D481A6094
:1039E00000F0B8FC049B019A0A481A6000F0B2FC8F
:1039F000013CF1D10424039B019A07481A6000F0AE
:103A0000A9FC049B019A04481A6000F0A3FC013C45
:103A1000F1D1E0E7F0490200801A060073B50022F8
:103A200001460446022000F019FB0D2600F056F86E
:103A300000222378254623B902B0BDE8704000F08B
:103A400063B80A2B04F1010409D10D2A07D0012221
:103A500002200DF107018DF8076000F0FFFA012246
:103A60002946022000F0FAFA14F8012CE1E70000E0
:103A700000B5A3B002460B4601A88421FFF726FF3C
:103A8000832806D9064B1A681B79CDF883208DF858
:103A90008730002802DD01A8FFF7C0FF23B000BD7A
:103AA000238700080FB407B504A951F8040B01914E
:103AB000FFF7DEFF03B05DF804EB04B07047EFF3EF
:103AC0001080C04300F001007047EFF3058000381C
:103AD00018BF01207047FFF7E5B8000008B5FFF7F1
:103AE000B3F8064A1368591C04D13F22044905481B
:103AF000FFF734FF0133136008BD00BF700C0020D6
:103B00005A8700086A870008044A136823B1013BFA
:103B100013600BB9FFF7AAB8704700BF700C002004
:103B200008B50B48FFF724FF28B1FFF7D7FFBFF315
:103B30004F8F20BFFDE7FFF7C8FF08B1FFF73EFF3B
:103B4000FFF7BDFF0028F9D0012000F0DBFB00BF2C
:103B5000E40C00202DE9FF41484C0E4621688046C8
:103B600001F0C043B3F1C04F0CBF4D428DB2C1F361
:103B70000743174642482A46FFF794FF6FF49873AD
:103B80001D44132D0FD8DFE805F00A5255585B612C
:103B90005E640E0E0E0E0E0E0E0E0E0E0E67A16859
:103BA0003848FFF77FFF4046FFF738FF6168364827
:103BB000FFF778FF4EB13548FFF730FF3046FFF78B
:103BC0002DFF39463248FFF76DFFA1683148FFF7F6
:103BD00069FF2368304A9A18012A02D92F4A934272
:103BE0003ED1A268002A40D1E368002B44D0596836
:103BF0002B48002908BF0146E0692A4D0390A069BF
:103C0000029060690190206900902748002A0CBF4B
:103C10002A4602462548FFF745FF21682448FFF75A
:103C200041FF244804B0BDE8F041FFF73BBFA16865
:103C30002148B6E7A1682148B3E7A1682048B0E76A
:103C4000A1682048ADE7A1681F48AAE7A1681F48FE
:103C5000A7E7A1681E48A4E71E48FFF723FFA2E7D5
:103C60001D4A9342BDD00022BEE792F84C2082F05C
:103C70000802C2F3C002B7E70949BDE7780C00208B
:103C8000B087000801880008A9880008BA880008E1
:103C9000C2880008C6880008C2FE007F4001FF807D
:103CA0009B87000812870008A5870008DA880008AB
:103CB00033890008828900081788000827880008CF
:103CC00036880008498800085D8800087188000867
:103CD00080880008968800083D01FF80704700003A
:103CE000294B70B510EA200438BF1C460D468EB033
:103CF00016460021302202A803F088F9234B0194D4
:103D0000E318012B039502D9214B9C4232D1EB6B76
:103D100002936B6B08931F4B5B69DA6B04930592FC
:103D20005A6B1B6B06920793FFF7D8FE1A4A13686B
:103D30000133012B136009D1184C01AD0FCD0FC415
:103D40000FCD0FC40FCD0FC42B682360144D01ACF1
:103D50000FCC0FC50FCC0FC50FCC0FC52368A5F135
:103D600030002B600F4B1B6853B19847FFF7CCFE18
:103D70000EB070BD0C4B9C42C9D0029601ABC9E796
:103D8000FFF7ACFFF2E700BF0101FF80C2FE007F3A
:103D90004001FF8040020020E00C0020AC0C00201D
:103DA000780C0020740C00203D01FF800FB407B593
:103DB00001210D487546FFF7F8FD044688B9014614
:103DC0002A460A48FFF78CFF224621460848FFF79B
:103DD000C1FE049805A90191FFF74AFE0548FFF7C7
:103DE0001DFEFFF79DFE00BFE50C00200001FF80D7
:103DF0009C8900081187000800207047014B187843
:103E0000C0B27047E50C002080B506460C460A4853
:103E10000121F04617461D46FFF7C7FD48B9424647
:103E200039463046FFF75CFF29462046029AFFF7E5
:103E300091FEFFF775FE00BFE50C002013B5074C9F
:103E400001212046FFF79FFD034628B900902288F4
:103E500003490448FFF7D8FF02B010BDE60C00206C
:103E6000B18900082301048013B5094C01212046C3
:103E7000FFF792FD4FF6FF73984206D1002300939F
:103E8000228804490448FFF7BFFF02B010BD00BFFD
:103E9000E60C0020D389000824010480034B188815
:103EA00080B2B0FA80F04009704700BFE60C0020F5
:103EB00008B5FFF713FEFFF7F1FF28B1FDF7E2F8B1
:103EC000BDE80840FFF720BEFDF7D0F8F8E7002076
:103ED0007047002070470000074A084913681844DB
:103EE000884283BF0C22064B4FF0FF3010608CBF1E
:103EF0001A601846704700BF38010020003C0120BE
:103F0000E4290020012070470120704708B500F027
:103F1000FFFA08BD08B500F003FB08BD10B5044664
:103F2000037803F00303012B08D0FFF701FD23788A
:103F300003F00302012A03D1FFF704FD002010BDA6
:103F40002AB140F2D36204490448FFF707FD43F069
:103F5000020323700120F2E7238A0008358A000853
:103F600008B5037803F00302022A05D040F2DC62B0
:103F700006490748FFF7F2FC23F0030343F001036F
:103F80000370BDE80840FFF7DDBC00BF238A0008CE
:103F9000538A00083F2870B504462CDC174E56F8AB
:103FA00020305A1C25D1022823DCFFF792FF03465C
:103FB000E8B92046FFF78BFF0346C0B9104D2B68C8
:103FC000BFF35B8FDB0711D42846FFF7A7FF68B16B
:103FD0004FF4E1320B490C48FEF704FB0B4A0C4945
:103FE0000948FFF78FFF2846FFF7BAFF094B46F84D
:103FF0002430184670BD0023FBE700BF3C010020C1
:10400000E80C002048900008EC0C0020280100205B
:10401000A5220008D00D002038B5041E06DA03F0F2
:10402000B3F8092303604FF0FF3038BDFFF7B2FF4C
:104030000025084A42F824500028F0D003685B6944
:104040009847041E04DA03F09FF864420460EAE72C
:104050002846EAE73C010020FFF7DEBF38B50C46F2
:104060001546FFF797FF38B903F08EF80923036070
:104070004FF0FF34204638BD036821462A46DB68EE
:104080009847041EF6DA03F07FF864420460EFE715
:1040900038B50C461546FFF77DFF38B903F074F8C4
:1040A000092303604FF0FF34204638BD03682146E2
:1040B0002A469B689847041EF6DA03F065F86442C6
:1040C0000460EFE710B5FFF765FF30B903F05CF867
:1040D000092303600024204610BD0368DB6998476C
:1040E000041EF8DA03F050F864420460F2E70000BE
:1040F0002DE9F74F06460F469046FFF7E6FC0546CA
:1041000030B1002332462C492C480093FFF77CFE47
:10411000FFF7D5FC0028F4D0A84509DA03F034F8FD
:10412000162303604FF0FF34204603B0BDE8F08F44
:104130003046FFF7C7FF044640B12C464FF00D0B49
:10414000DFF87CA01AF80690A84512DCA045EBDD4C
:104150003046A8EB04023919FFF780FF431CE1D079
:104160000444002CC1BF3F1917F8012C144B9A5579
:10417000DAE77B5D0A2B1BD1B9F10D0F18D0AC42E9
:104180000BDA391930462A1BFFF768FF411CC9D0EA
:104190000444A542C8DC0AF80690012230460949C9
:1041A000FFF75CFF421CBDD00028BDD00AF806B066
:1041B00017F805900135C7E78A8A00082F010180AA
:1041C00028100020C48A0008FFF77CBF7FB5044692
:1041D0000E461546FFF779FC30B1002322462049F0
:1041E00020480093FFF710FEFFF769FC0028F4D089
:1041F000002D07DA02F0C8FF162303604FF0FF30EE
:1042000004B070BD2046FFF75DFF00B3164D0122DC
:1042100020460DF10F01FFF73BFF431CF0D00028B3
:10422000EED09DF80F300D2B08D12A5D0A2A0AD056
:104230001A460A2301202A553370E1E70A2B04D1DC
:104240002A5D0D2AF3E72B55E1E71A46F2E72A46E5
:104250003146204604B0BDE87040FFF719BF00BFEB
:10426000C68A00082F0101806810002038B50C466E
:104270001546FFF78FFE38B902F086FF0923036069
:104280004FF0FF34204638BD036821462A461B699B
:104290009847041EF6DA02F077FF64420460EFE705
:1042A000FFF7E4BF10B5FFF775FE30B902F06CFF01
:1042B000092303604FF0FF3010BD03689B699847E6
:1042C000041E04DA02F060FF64420460F2E700209A
:1042D000F2E7000005460A4C08B52368986802F02A
:1042E000D3FB2368D86802F0CFFB0120FFF7DAFF89
:1042F0000220FFF7D7FF0DB1FFF760FBFEE700BF1D
:104300000C07002008B5FFF7E5FF38B50D46FFF7AD
:1043100041FE044630B902F037FF092303604FF035
:10432000FF3038BD0368DB69984700280CBF4FF4A5
:1043300000434FF400536B60236820469B6A984704
:1043400028610020EDE7FFF7E0BF01F0A9BF00F012
:1043500075B80000034A516A536A5B1A8342FBD363
:10436000704700BF000C00401FB5002303620D4BD7
:104370000446002918BF0B460093031D02931C231B
:1043800003930B236846019301F0CCF8206038B901
:10439000FFF734FD20B93E2203490448FFF7DEFA57
:1043A00004B010BD028B00084A8B0008548B000833
:1043B00010B504460021FFF7D7FF204610BD0000CE
:1043C00037B504464FF0FF31006801F0C3F80546E9
:1043D00048B1FFF713FD034640B900902A4604494F
:1043E0000448FFF711FD236A0133236203B030BD97
:1043F000788B000815010280036A13B5013B036244
:10440000006801F0BFF8044648B1FFF7F7FC034627
:1044100028B90090224603490348FFF7F5FC02B093
:1044200010BD00BF8A8B00081701028010B504463A
:10443000006801F0BFF8204610BD000008B538B193
:1044400000F026FA20B1E32202490348FFF786FA7A
:1044500008BD00BFCC8B0008608C000808B50A4A74
:104460000A4B1A600A4B9B1A0A4A13600A4A0B4B02
:104470001A600B4B9B1A0B4A13600B4A136000F037
:1044800055F800F013F900BF003C0120181100207E
:104490000040012014110020F0290020B01000205D
:1044A000003C0120AC100020A810002038B50B25DE
:1044B0001C240E4A0E4B104613600E4B5560D46000
:1044C000936001F02FF80C4B0C4A18600C4B10460F
:1044D000C2E900350B4BD460936001F023F80A4B1E
:1044E0001860BDE8384002F055BE00BFE41000205F
:1044F0006F8C0008F410002010110020B410002070
:104500007C8C0008C4100020E010002001F042BDA7
:10451000024B4FF0FF31186801F01CB81011002059
:10452000014B186801F02EB81011002010B50F4C87
:10453000636A43F4E0236362FEF732FD4FF00053F9
:10454000A0680B491A1802F16042126843F8042B64
:104550008B42F7D14FF00052044B9A60FCF7EEF912
:10456000FCF734FEBDE8104000F09EB800ED00E01E
:10457000240100207047704708B500F0C9F8FFF724
:10458000F9FFFFF793FFFFF7F6FFFFF735FCBDE8F4
:104590000840FFF7BBBF0000A8B10C4B1B68B3FB82
:1045A000F0F00138B0F1807F0DD2FF22084B83F884
:1045B00023204FF0E02306221A6158610020986101
:1045C000044B187070474FF0FF30704730010020E7
:1045D00000ED00E01C110020074B1A782AB10022E0
:1045E0001A704FF08062054B5A604FF0E022136959
:1045F00043F00103136170471C11002000ED00E03F
:104600004FF0E0231B6970474FF0FF307047000008
:104610001EF0040F0CBFEFF30880EFF309808169EF
:1046200011F8021C00291CD101B590E80F10E047D9
:10463000BDE80050CCF80000194B93E80600914209
:1046400008BF70471A6019B12CE9F00FC1F838C0E3
:104650001400A06B6FF0020EB0E8F00F80F3098831
:104660007047104A13689942FAD801B552F821C030
:104670000FC8E047BDE80050CCF80000704701B516
:1046800000F0FAFFBDE80140EFF3098CD4E701B573
:1046900000F0B6FFBDE80140EFF3098CCCE7000065
:1046A000540200203091000800F006BA07B5104B04
:1046B000104A002113614FF4805353615023D3609B
:1046C0000D4B0E489360182393610D4B136001F05E
:1046D00051FB034628B9074A0A4900900A48FFF7E8
:1046E00093FB00F001FA002308491A460093F5E70E
:1046F00090110020902100204011002079450008F1
:10470000868C00088B8C00081D010180A78C000896
:104710001FB5054B0FCB8DE80F00684600F002FF78
:10472000024B186005B000BD609000083C110020ED
:1047300073B506460C461546FFF760FB70B9E31DDE
:1047400082BF074B063453F824104FF00003324663
:10475000284698BF03490093FFF756FB02B070BD8F
:1047600070900008D48D000808B500F071F80000C2
:10477000002307B5411E009302460023042919D8DF
:10478000DFE801F003080C10140001220B490C486B
:10479000FFF73AFB02220B490B48F9E703220B49CA
:1047A0000B48F5E704220B490B48F1E705220B49BA
:1047B0000B48EDE70B490C48EAE700BFCC8C00083A
:1047C00025010280ED8C000826010280128D000870
:1047D00027010280478D000828010280828D000891
:1047E0002A010280C28D0008000102800146014AB0
:1047F000FFF79EBF31010180014AFFF799BF00BF5B
:1048000032010180014AFFF793BF00BF33010180ED
:10481000014AFFF78DBF00BF3801018010B501F0DC
:10482000C1FA034B1B6813B1BDE81040184710BD17
:10483000B421002008B5FFF751F9FFF7FFFAFFF7A1
:1048400037FBFFF711FBBDE80840FFF75DB900003B
:1048500008B5024C23689847FCE700BF3C020020E3
:10486000014608B530B96FF0030000F02AF86FF088
:10487000030008BD132001F0A9F930B94FF0FF3053
:1048800000F01FF84FF0FF30F3E70020F1E70000E1
:1048900008B5EFF305834BB9EFF3108333B9EFF3AA
:1048A00011831BB9DFF814C000DF08BD6FF00500ED
:1048B00000F007F86FF00500F7E700BF6148000857
:1048C00070477047EFF310832BB9EFF31180C01AD4
:1048D00018BF0120704701207047000070B5484C98
:1048E000217A012900F08A8031B14FF0FF30FFF7C3
:1048F0007DFF4FF0FF3070BD424D9C2204F1080057
:1049000002F084FBD5E90B61EB683046E3652B8A46
:10491000A4F85430AB68236400F0FCF808B1C4F884
:104920008060D5E90561304600F0F4F808B9D4F8A4
:1049300080606667D5E90761304600F0EBF808B99A
:10494000D4F88060A667D5E90961304600F0E2F846
:1049500008B9D4F88060E6676E6B3EB1D6E90223F1
:104960003046316800F03FF9C4F88460AE6B3EB168
:10497000D6E902233046316800F035F9C4F8886082
:10498000EE6B3EB1D6E902233046316800F02BF9D8
:10499000C4F88C602E6C3EB1D6E9022330463168F3
:1049A00000F021F9C4F890606E6C3EB1D6E90223A4
:1049B0003046316800F017F9C4F89460AE6C3EB12F
:1049C000D6E902233046316800F00DF9C4F898604A
:1049D000EE6C3EB1D6E902233046316800F003F9AF
:1049E000C4F89C602D6D3DB1D5E9022328462968A5
:1049F00000F0F9F8C4F8A0500123237200207AE7F0
:104A000040020020C090000838B5204D2B7A012BC1
:104A100007D06FF00700FFF7E9FE4FF0FF342046A4
:104A200038BD01F085F910B94FF0FF30F3E7FF23EF
:104A3000174A184982F8223092F82230D26893F04F
:104A4000FF0314BFB3FA83F32023C2F30222C3F19E
:104A50002003934298BF531CFE2202FA03F30C4A30
:104A6000D3770D4B5868FFF797FD04460028DBD13C
:104A7000FFF7CAFD2861FFF7AFFD084800F0E6FE2A
:104A800000F058FF02232B72C9E700BF400200204C
:104A900000ED00E08F460008C09000085C02002096
:104AA000704738B504460D46FFF70AFF29462046F1
:104AB000BDE83840FFF75CBE08B5FFF7F1FFEFF344
:104AC000058333B16FF00500FFF790FE6FF005002E
:104AD00008BDFFF7F7FE0028F4D1DFF808C000DFBB
:104AE000F6E700BFDD48000808B5EFF3058333B1F2
:104AF0006FF00500FFF77AFE6FF0050008BDFFF7C5
:104B0000E1FE0028F4D1DFF808C000DFF6E700BFBF
:104B1000094A0008034610B588B1084310F00700A1
:104B20000DD117290AD91022196008395C189C6028
:104B30005A60585099684A60D860012010BD002022
:104B4000FCE770B578B391B1032A2CD80F3121F06E
:104B5000070600F10804234624685D68E11A25F081
:104B60000305491B8E4204D921680029F3D1084668
:104B700070BD4168056831444160284450F8045CC8
:104B80003243A94288BF40F8041C586818B95A60DB
:104B900003F10801EBE720F0030019181C504A60EC
:104BA00019600831E3E70021E1E710B580B1C1B138
:104BB0000022A1F1080400F10803A34209D15968B9
:104BC00021F003044168091B41603AB95A60012091
:104BD00010BD19681A4621B10B46EEE71B68136039
:104BE000F5E70846F4E730B5C0B189B1C2B1CBB141
:104BF0000024C0E9014202FB01F41D190160C360F9
:104C0000436105611846013904D1A41A19510121E3
:104C1000084630BD851805602846F4E70146F7E7E9
:104C20001146F5E71946F3E710B570B100F114032A
:104C300053E8002F12B9BFF32F8F04E0116843E847
:104C4000001404B1F4E70AB9104610BD043050E86E
:104C5000003F591C40E8001404B1F8E7F4E730B510
:104C6000F0B1C3688B421BD803698B4218D900F19D
:104C700014031A680A60BFF35F8F53E8002F0C68B3
:104C80009442F6D143E8001505B1F2E7043050E84C
:104C9000003F5A1E40E8002101B1F8E7002030BD76
:104CA0006FF00300FBE7EFF310832BB9EFF31180F4
:104CB000C01A18BF0120704701207047D1E90132A6
:104CC00023B19A608A681AB153607047C262F9E7EB
:104CD000036370472DE9F84F0746884638B131B174
:104CE000B0FA80F1B8FA88F30B441F2B08DC6FF0A0
:104CF00003010020FFF78CFD00242046BDE8F88F5B
:104D000008F1030626F003060C3606FB00F90AB389
:104D10005368DB0202D56FF00601EAE7D2E90243ED
:104D200024B1342B04D06FF00901E2E7002BFAD153
:104D3000D2F800A0D2E904523DB115F0030301D12D
:104D4000914554D96FF00A01D3E7002AFAD11CB17A
:104D500093460DE092461546264BD3F8A000E0B1ED
:104D6000FFF762FF0446A8B1002D3ED14FF0010BC2
:104D7000204B0022D86F4946FFF7E3FE1D4B054646
:104D8000B8B9BBF1000F05D0D3F8A000214658B147
:104D9000FFF765FF6FF00401ABE701223421D3F880
:104DA0008000FFF7CEFEDDE7D3F88000FFF7FDFEC1
:104DB000F0E74A46002102F029F94BF00203FA22FB
:104DC000A37000232270C4E901A33246C4E9098319
:104DD000C4E90B33E37039462B4604F10C00FFF7AE
:104DE00002FF044B044A1A6787E70123E7E7002C18
:104DF000E5D1B1E7400200208B4E000810B500F16C
:104E0000280353E8002F12B9BFF32F8F04E0511E7F
:104E100043E8001404B1F4E70AB9002010BD4FF0D4
:104E20000102C06A0028F8D0811CD1E84F3FC1E8D8
:104E3000442F04B1F9E7DBB2002BEFD08068F1E733
:104E4000036B30B5E3B10024CD78DA78AA420FD3F2
:104E50001A46C1E901248AB19160A4B16160283089
:104E600050E8003F5A1C40E8002101B1F8E730BD8E
:104E70005A681C46002AECD01346E6E7C162ECE70C
:104E8000C1E90133C1620163E9E7F8B586780446F8
:104E90008EB30026C56801462846FFF70FFF26702F
:104EA00005F10C00FFF7DBFEAB68002B49D005F1E4
:104EB0000C00FFF7B9FE0446002842D0284600F057
:104EC000C5FC07463246314600F05EFE384600F02B
:104ED0002DFD6A6A0746416804F10C0002F098F95A
:104EE000F923A6702370BB68E37021462846BDE80D
:104EF000F840FFF7A5BF8568AB68002BF5D05B785D
:104F0000832BF2D1284600F0A1FC074632463146F9
:104F100000F03AFE384600F009FD06466A6A40682D
:104F200004F10C0102F074F9B3680BB1E2781A7065
:104F300000232370214605F10C00BDE8F840FFF77F
:104F40008EBEF8BD2DE9F04104460E4690461F4640
:104F500018B10378FA2B00D141B920466FF0030154
:104F6000FFF756FC6FF00300BDE8F0818368C3B122
:104F70005B78832B15D100F069FC054601220021E6
:104F800000F002FE284600F0D1FC05463146626A78
:104F9000406802F03DF9AB680BB183F80080002057
:104FA000E2E704F10C00FFF73FFE054678B1314619
:104FB000626A0C3002F02CF9F9232B700023294689
:104FC0002046AB7085F80380FFF73AFFE7E76FB143
:104FD0003946932000F0FAFD10B96FF00100C3E7E5
:104FE000044B2046596900F01FFCF6E76FF0020001
:104FF000BAE700BF400200202DE9F0410446884690
:1050000017461E4618B10378FA2B00D141B9204645
:105010006FF00301FFF7FCFB6FF00300BDE8F081C8
:10502000FFF7ECFE054600283AD001462046FFF780
:1050300045FE4046626A05F10C0102F0E9F80FB145
:10504000EB783B70002604F10C07294638462E7099
:10505000FFF705FEA3680BB90020DFE73846FFF72E
:10506000E3FD05460028F7D0204600F0EFFB074699
:105070003146012200F088FD384600F057FC626A94
:105080000746416805F10C0002F0C2F8F923AE7042
:105090002B70BB6829462046EB70FFF7D1FEDBE79B
:1050A0006EB13146832000F091FD10B96FF0010020
:1050B000B4E7044B2046596900F0B6FBF6E76FF001
:1050C0000200ABE74002002008B5064B08219A6EAB
:1050D000D86EFFF7FFFD044BD864B0FA80F04009AA
:1050E000404208BDC0900008400200202DE9F04178
:1050F00006460F4690461C46EFF305834BB196B922
:1051000030466FF00301FFF783FB6FF00300BDE84B
:10511000F081FFF7C8FD0028F1D130462346DFF8C3
:1051200048C000DFF3E73378FA2BE9D1002FE7D04E
:10513000002CE5D106F10C00FFF776FD054680B1A5
:105140003946726A0C3002F063F8F9232846C5E943
:1051500001762B70AC7085F8038000F0D5FA2046FC
:10516000D5E76FF00200D2E7454F0008F8B50446D6
:105170000F4616461D46EFF3058343B18CB9204612
:105180006FF00301FFF744FB6FF00300F8BDFFF77A
:105190008AFD0028F2D120462B46DFF844C000DF0C
:1051A000F4E72378FA2BEAD1002FE8D0002DE6D1DE
:1051B0002046FFF723FE054670B100F10C01626A3C
:1051C000384602F025F80EB1EB7833702846EC60D3
:1051D00000F09AFA0020D9E76FF00200D6E700BF8E
:1051E000F94F0008EFF310832BB9EFF31180C01AC9
:1051F00018BF0120704701207047000038B50346F2
:1052000058B3446814F4801206D06FF006010020F1
:10521000FFF7F8FA002038BD0568D3E9020320B192
:105220001C2B24D06FF00901F1E7002BFAD1124BAF
:10523000D3F89400A0B1FFF7F7FCD0B10123F52219
:105240008370002304F00F04C0E90233C0E9043383
:105250000270C47045600376DDE705460446E6E764
:1052600001221C21D3F88000FFF76BFCE5E7134611
:10527000E5E76FF00401CBE740020020294B70B551
:105280005D6904460E4635B96FF00801FFF7BAFABA
:105290004FF0FF3070BD10B10378F52B07D02046DA
:1052A0006FF00301FFF7AEFA6FF00300F2E7037E41
:1052B00053B9C0E90353EB6A436103B11861012399
:1052C000EC6200202376E5E7C278D1070DD5C168EE
:1052D000A9420AD1FF2B06D16FF01101FFF792FA14
:1052E0006FF00200D6E70133EBE7002EF8D093070A
:1052F0000AD5E06895F9203090F920209A4203DA27
:1053000080F8203000F0B4FA3146532000F05EFC03
:1053100010B96FF00100BDE72946204600F084FA7D
:10532000F7E700BF400200202F4B70B55A690446D2
:1053300032B96FF00801FFF765FA4FF0FF3070BD2A
:1053400010B10378F52B07D020466FF00301FFF76B
:1053500059FA6FF00300F2E7037E33B96FF01001E2
:10536000FFF750FA6FF00200E9E7C168914202D0FE
:105370006FF00F01F4E7013BDBB203760BB10020C5
:10538000DDE743690BB1016919612169E9B14B613D
:1053900092F92130D56AD5B982F82030A36883B15B
:1053A000204600F053FA06462A46294600F0ECFB58
:1053B000F36AC4E90365636103B11C610123F4620C
:1053C0002376002000F0C6FAD9E7D362E0E7E97857
:1053D000890706D5A96821B191F920108B42B8BF81
:1053E0000B466D69D7E700BF4002002010B50446A8
:1053F00010B10378F52B07D020466FF00301FFF7BB
:1054000001FA6FF0030010BD037EC3B16369C06889
:105410000BB122691A612269FAB1536190F9212016
:10542000C36AE3B990F92030934203D080F820207A
:1054300000F01EFAA068F0B9207600F08BFA002385
:105440002370A378DB0706D5124B2146D3F89400CE
:10545000D0B1FFF704FC0020D5E7C362DEE7D978BE
:10546000890706D5996821B191F920108A42B8BF01
:105470000A465B69D5E7204600F0E8F900226FF0A4
:10548000020100F081FBD5E7D3F88000FFF78DFB28
:10549000E1E700BF400200202DE9F041044600266C
:1054A00001270CB9BDE8F081E378D4F814801B071C
:1054B00012D5A36826767BB1204600F0C7F90022FA
:1054C0000546114600F060FBEB6AC4E903566361D0
:1054D00003B11C61EC6227764446E2E710B4C3785E
:1054E0009B071CD5C06890F92120C36ADC78A4070B
:1054F00009D59C688C4208BF8C6824B194F920407F
:10550000A242B8BF22465B69002BEFD190F9203050
:10551000934204D080F8202010BC00F0A9B910BC40
:1055200070470000024608B5EFF3058333B1002051
:105530006FF00501FFF766F9002008BDFFF752FE86
:105540000028F4D11046DFF808C000DFF5E700BFFF
:10555000FD510008024608B5EFF305833BB1104644
:105560006FF00501FFF74EF96FF0050008BDFFF77A
:1055700039FE0028F3D11046DFF804C000DFF5E75C
:105580007D520008024608B5EFF305833BB1104693
:105590006FF00501FFF736F96FF0050008BDFFF762
:1055A00021FE0028F3D11046DFF804C000DFF5E744
:1055B00029530008024608B5EFF305833BB11046B6
:1055C0006FF00501FFF71EF96FF0050008BDFFF74A
:1055D00009FE0028F3D11046DFF804C000DFF5E72C
:1055E000ED53000810B5D0E85F3F5A1C914200D837
:1055F0000022C0E8542F04B1F5E798B210BD0000B6
:1056000038B51C4CFEF7FCFFE3680133E36000F0A3
:1056100069F9002000F09EF9236D03B19847226CD0
:1056200032B3A369E16B994203D0D969E36301B94D
:10563000DA61DA69C2B9237A022B19D1656ABDB180
:10564000E36B95F9202093F920309A4210D1284637
:1056500000F005F9E06B00F01DF9284600F06AF94A
:10566000236CE563EB6103E0013ADA61002AE2D0E2
:1056700038BD00BF4002002038B5214C04F156056A
:10568000B4F85410D5E85F3F13B9BFF32F8F04E08F
:105690005A1EC5E8502F00B1F4E79BB25BB319481E
:1056A000FFF7A0FFE36D53F8200020B30378F13B30
:1056B000082BE5D801A252F823F000BFE1560008FC
:1056C00081560008E75600088156000881560008F8
:1056D000EB560008EF56000881560008F356000804
:1056E000236E9847CCE7636EFBE7A36EF9E7E36EA2
:1056F000F7E7236FF5E70020BDE8384000F02AB94E
:10570000400200209A02002070B5164C0546B4F8FD
:10571000541004F15602D2E85F3F994202D8BFF319
:105720002F8F04E0581CC2E8560F06B1F3E79BB276
:10573000994205D82946BDE870400220FFF7B1B96B
:1057400004F15800FFF74EFFE36D43F82050637AF1
:1057500023B94FF08052044B5A6070BD0123A372ED
:10576000FBE700BF4002002000ED00E0EFF31083F4
:105770002BB9EFF31180C01A18BF01207047012028
:105780007047000001230A4A10B590F920104370B9
:10579000536A1C321BB193F920408C4205DCC0E9EE
:1057A0000232906003B1D86010BD1A469B68F1E7E1
:1057B00040020020014B5869704700BF40020020A2
:1057C000930710B502F0010422D400F1280384B13C
:1057D00053E8000F00EA01028A4203D0BFF32F8F83
:1057E000002005E020EA010243E8002404B1EFE7CD
:1057F00010BD53E8000F084203D1BFF32F8F0020E4
:1058000005E020EA010243E8002404B1F1E7EFE7F4
:10581000806A00EA01031CB1994218BF0020E7E743
:10582000A34208BF2046E3E710B591F92020836822
:105830001BB193F92040944205DAC1E9023081603E
:1058400003B1D96010BD18469B68F1E783689A6878
:10585000826002B1D06000221846DA607047C268E8
:105860002AB18368936003B1DA600023C360704794
:1058700010B5044664B12378F12B07D0FFF7EFFF92
:1058800001462046BDE81040FFF7CEBFE468F1E7CF
:1058900010BD00000123014643700148FFF7C4BF5B
:1058A0005C02002010B5D0E90431C469621C0CD13F
:1058B00003B1596142691AB113610023436101E0E8
:1058C000074A13630023C36110BD1BB1DA69596134
:1058D0002244DA614269002AEED1014AD362F1E73B
:1058E0004002002038B5104DEC6AE4B1E369013B99
:1058F000E361C3B96378532B08D1204600E0C06848
:105900000378F12BFBD02146FFF7E8FD2046FFF797
:10591000A6FFFFF7BFFF246924B1E369002BE9D09C
:1059200000236361EC6238BD40020020806B2030B0
:10593000704700000223C2784370520758BF032308
:1059400083F31488BFF36F8F014B9861704700BFDA
:105950004002002010B5144B04461A7A5969A0B9C8
:10596000022A1FD15C6AECB194F9202091F9203011
:105970009A4217DD2046FFF772FF0846FFF702FF45
:105980002046BDE81040FFF7D5BF022A05D190F9A7
:10599000202091F920309A42EFDC2046BDE81040EB
:1059A000FFF778BF10BD00BF400200202DE9F74F80
:1059B0001746CDE9000148B96FF003010020FEF75A
:1059C0001BFF0024204603B0BDE8F08F002A5CD006
:1059D000D2F8048008F00603062BEDD018F4801FDF
:1059E00002D06FF00601E9E7D2E9024224B1502A61
:1059F00004D06FF00901E1E7002AFAD1D7E9045693
:105A00002DB1690700D116B96FF00B01D6E7D7F8B1
:105A100018A0BAF1000F06D00AF1FF32372A04D9D4
:105A20006FF00C01CAE74FF0180A3F683BB9504BC2
:105A30001B68DA074CBF48F0040848F0020826B19A
:105A40004C4B1E42E0D1472EDED964BB4A4BD3F803
:105A5000880008B3FFF7E8F8044698B14FF0010951
:105A600045BBDFF814B1002E62D1414ADBF8840057
:105A7000566D00285CD0FFF7D7F80546B0B9B9F1EC
:105A8000000F5FD16FF0040198E7154614464FF000
:105A9000180A16469046CAE701225021D3F8800022
:105AA000FFF74FF8D8E74FF00009D9E749F01009A0
:105AB00049F0020940F2F11323800023FD22C4E9DA
:105AC0000233C4E90433C4E90633C4E90933C4E941
:105AD0000B35A6F140032B44A363009B08F00F088D
:105AE000E363264B84F8029084F80380676084F8AF
:105AF00020A084F821A0628466632B601C4B1B6885
:105B00005B072BD4A36B38220021184601F07EFAE4
:105B10001B4A194B82634FF08072C263019A026282
:105B2000009A4262174A20461A66FFF713FF49E7B8
:105B30002A463146DBF87400FFF703F805460028D3
:105B4000B6D19CE7DBF88800214610B1FFF787F853
:105B500098E7DBF88000FFF728F893E74FF0CC33A5
:105B6000B608113E002ECDD045F8043F013EF9E7BE
:105B7000C09000080700008040020020A52E5AE2D5
:105B8000E95D0008A75B000810B51446836B196235
:105B9000FFF788FE1CB1BDE81040FFF7DBBEBDE893
:105BA0001040FFF777BE10B543780446332B0CD175
:105BB000416A90F82320FFF703FE014628B12046F2
:105BC000BDE810400022FFF7DFBF10BD38B51E4C06
:105BD000237A022B34D1636A002B33D063694A1CC9
:105BE000587015D10021226B6AB94FF0FF30C3E91C
:105BF0000421D86151B10B611448FFF727FEFFF76C
:105C000099FE012038BD11461269EDE72363F3E7E1
:105C10000020E26A12B1D569A9420BD2C3E904207F
:105C2000D96158B10361002AE6D0D0695361401AA6
:105C3000D061E1E71046491B1269EBE7E362F2E746
:105C40000020DFE71846DDE7400200205C0200206C
:105C500010B50446806918B100221146FFF794FF81
:105C60006378232B02BF0022A3689A6110BD70479E
:105C700010B50446FFF7FBFF00232380A3789A07A3
:105C800008D513F0100F216B0E4B0FD0D3F8840002
:105C9000FEF7E5FFA378DB0712D50A4B2146D3F8C0
:105CA000880038B1BDE81040FEF7D9BF586FFEF745
:105CB0007CFFEFE7D3F88000BDE81040FEF775BF2A
:105CC00010BD00BF40020020C378DB0701D4FFF7FE
:105CD000CFBF042343700023034AC360536B836028
:105CE00003B1D860506370474002002038B50F4CB4
:105CF000237A022B18D1636AB3B16569E86AFFF7AA
:105D0000CBFB2846FFF7A4FF04F11C00FFF79EFD24
:105D1000FFF710FEEFF30983AB63002328466361AE
:105D2000BDE83840FFF7D0BF38BD00BF40020020BB
:105D300038B50D4C0021A26D0C48FFF737FE0C4D15
:105D4000636EA8625BB1984758B9E26DE96C206E4A
:105D5000FFF72CFEA864003818BF012038BD0120D1
:105D6000FCE70020FAE700BFC09000086947000880
:105D70004002002010B50446EFF3058333B1002044
:105D80006FF00501FEF738FD002010BDFFF7EEFCB7
:105D90000028F4D12046DFF808C000DFF5E700BF97
:105DA000AD59000808B5EFF3058313B1054B5869E9
:105DB00008BDFFF7DBFC0028F8D1DFF80CC000DFDE
:105DC000F6E700BF40020020B557000808B5FEF70F
:105DD00025FDDFF810C000DF4FF0FF310020FEF797
:105DE0000BFDFEE7ED5C000808B58847FFF7EEFF06
:105DF000002230B50B4D6B6C13B11C698C420AD973
:105E0000C0E9022301611BB11C699860641A1C611E
:105E10002AB1D06030BD1A46091BDB68ECE7686424
:105E2000F8E700BF400200202DE9F041184D6C6CEE
:105E300054B3012723696E69013B2361236913BBB6
:105E4000E3680BB1A2689A606B640023E86C1A46A1
:105E500004F11801FFF74AF958B1D5E90583214645
:105E600003206B61FEF71DFE6B6913B9B04508BFD7
:105E70001E46E378DB0709D520466169FFF7B8FFC6
:105E80006C6C002CDAD16E61BDE8F0816770F7E7C9
:105E90004002002008B5FFF717F918B9034B044A70
:105EA0001A6508BD4FF0FF30FBE700BF400200203D
:105EB000295E0008044607B54FF0FF33002269460B
:105EC0002046FFF753F90028F6D1DDE90030984766
:105ED000F2E738B504460D461C22002101F096F881
:105EE00020462946FCF702FF204638BDF8B5074694
:105EF00007240B4E0B4D47FA04F2D2074CBFB26891
:105F0000F2683368012013602A68AB681A60FEF7F4
:105F100021FAEB682A68013C1A60ECD2F8BD00BF98
:105F2000202800203C28002001380328F8B588BF2D
:105F3000F7274FF0070498BF0C4B0D4E98BF1F5C1E
:105F40000C4D47FA04F2D2074CBFB268F2683368CE
:105F5000012013602A68AB681A60FEF7FBF9EB6852
:105F60002A68013C1A60ECD2F8BD00BF9491000889
:105F7000202800203C28002010B5054C0120A368F3
:105F800022681A60FEF7E6F9E36822681A6010BD1D
:105F90005828002010B50A4CE079FFF7A7FF012030
:105FA000FFF7C2FFFFF7E8FF0120FEF747FA20796D
:105FB000FFF79CFF0220FFF7B7FFFFF7DDFFEBE7DE
:105FC000E402002008B514210548FFF782FF0821EC
:105FD0000448FFF77EFF09210348FFF77AFF08BD59
:105FE000582800203C28002020280020F8B506462C
:105FF00008200C4601F0FEF807463046FDF786FF04
:10600000224A93685D6825F00305A5F111031C1B66
:106010003C44B4FBF7F4013C07FB04F4A74208DC62
:106020000021304601F088F8184A93682B449842C2
:1060300004D03046FDF76EFF0020F8BD30466142C7
:1060400001F07AF80130114A0DD0114993682D1BE7
:1060500045F001055D600B6830461B1B0B60FDF7CA
:1060600059FF0120F8BD0021304601F065F8074ACC
:106070009268831A0F2BDCDD43F001035360054B5C
:1060800003491B68C01A0860D3E700BFF80200206C
:1060900074280020F0020020002960D02DE9F04192
:1060A0000C460746FDF732FF54F804EC7949A4F199
:1060B000080C2EF001030CEB03028D68506895422A
:1060C00020F0030000F08780506015186D6805F01F
:1060D00001060EF001058DBB54F8084C01F1080EC5
:1060E000ACEB040C2344DCF80840744566D0DCF8C3
:1060F0000C50E560AC60002E00F08A8043F0010097
:10610000CCF804001360B3F5007F32D25809DA08E6
:10611000012383404868013203434B6051F8320049
:1061200001EBC203083BCCE9020341F832C0C0F8DE
:106130000CC03846BDE8F041FDF7ECBE86B903441B
:1061400001F1080E906843F00104704579D0D268DF
:10615000C2609060CCF804404CF80330D3E770473D
:106160004EF00102B3F5007F44F8042C4CF80330E4
:10617000CCD3B3F5206F4FEA53224BD29A0902F1E8
:10618000390002F13804C20088188A580838904251
:1061900003D15FE09268904204D0516821F003017E
:1061A0009942F7D8D068CCE90220C0F808C0384638
:1061B000BDE8F041C2F80CC0FDF7ACBEAEBB184460
:1061C000D2E90223D3609A6040F00103CCF8043096
:1061D0004CF80000ADE718440EF0010343B954F841
:1061E000083CACEB030C1844DCE90223D3609A6052
:1061F00040F00103CCF80430274BC1F808C01B68FD
:10620000834296D8254B38461968FFF7EFFE90E792
:10621000034497E7142A0ED9542A22D81A0B02F104
:106220006F0002F16E04C200AEE743F00101CCF84A
:10623000041013607DE702F15C0002F15B04C20010
:10624000A2E7C1E904CCCCE902EECCF804404CF85A
:1062500003306EE70123A410A3404C6823434B6036
:10626000A1E7B2F5AA7F06D8DA0B02F1780002F1B5
:106270007704C20088E740F25450824206D89A0C54
:1062800002F17D0002F17C04C2007DE74FF47E72D2
:106290007E2479E7F8020020F4020020A4280020E0
:1062A000024B01461868FDF757BB00BF0C070020E2
:1062B0002DE9F04F01F10B02162A814685B024D852
:1062C000102900F2A880FDF721FE022518211022D6
:1062D000B24C21444E68A1F10800864200F058817A
:1062E0007268F168B46822F003023244E1608C60A5
:1062F0005168484641F00101516006F10804FDF77C
:1063000009FE204605B0BDE8F08F32F0070200F12B
:10631000828091427FD80192FDF7F8FD019AB2F593
:10632000FC7FC0F0B081530A7DD0042B00F268815D
:10633000930903F1390503F138064FEAC50E974C6E
:10634000A644DEF80470AEF1080EBE4507D10DE09C
:106350000028FB6880F20B819E4507D01F467968B4
:1063600021F00301881A0F28F2DD354623698C4994
:106370008B4200F0E9805E6826F00306B11A0F290F
:1063800000F3858186480029C4E9040080F26E810B
:10639000B6F5007F676880F00F81012101EBD60C14
:1063A0007609B14054F83C000F4304EBCC010839A6
:1063B0009860D960676044F83C30C3600126AB1038
:1063C0009E40BE4234D83E4206D125F003057600F9
:1063D0003E4205F10405FAD0284604EBC50804EB5B
:1063E000C507F9680FE0D1F804C00B462CF0030E86
:1063F000AEEB020CBCF10F0FC96800F30E81BCF1CB
:10640000000F80F223818F42EDD10130830707F125
:106410000807E6D175E10C23C9F8003000242046B6
:1064200005B0BDE8F08F4FF4007E40253F2686E79B
:10643000A768796821F0030393429A4603D3991A17
:106440000F2900F38380574908200968564E103100
:106450001144CDE9011200F0CDFE024601995542EA
:106460004B1E1344834630681D40B0F1FF3F18BFF8
:1064700029464846019100F05FFE411C0546DDE9D2
:10648000011200F0218107EB0A0C844500F21A8109
:10649000464B0BF1FF3E18680844186000F07B8102
:1064A000D6F80080CDE90223B8F1FF3F1BBFA5EB72
:1064B0000C0C60443560186015F00700019000F086
:1064C0003C81C0F1080005446B1803EA0E015844F2
:1064D000401A00EA0E0631464846984600F02CFE67
:1064E000421CDDE9022300F08581401B304440F06E
:1064F00001011868A7423044A5601860696017D090
:10650000BAF10F0F40F251810526AAF10C0121F0DA
:10651000070C7968BCF10F0F01F0010141EA0C0191
:10652000796007EB0C01C1E9016600F256816968E8
:106530001F4B1E68864238BF18601E4B1E6886427D
:1065400000D218602F46C1E0676837E7BD1841F0F8
:10655000010142F001027A604846A560696007F1D6
:106560000804FDF7D7FC204605B0BDE8F08FBA68F7
:106570003944D3609A604A68484642F001024A6052
:1065800007F10804FDF7C6FC204605B0BDE8F08F12
:10659000CE68B1427FF4A4AE0235E7E6F8020020EF
:1065A00000030020A4280020F0020020742800200E
:1065B000A02800209C280020B6F5206F4FEA562026
:1065C0007AD3142800F2CD8000F15C01C9005B3061
:1065D00004EB010C6158ACF1080C8C4503D1A5E02B
:1065E00089688C4504D0486820F00300B042F7D891
:1065F000D1F80CC0C3E9021CCCF80830CB60DDE652
:10660000142B70D9542B00F2B480130B03F16F05D7
:1066100003F16E064FEAC50E91E69D1842F00102A5
:106620005A609E68814AF1608E60C4E90455C5E9EC
:1066300002224CF001026A60484643F80EC0019302
:10664000FDF768FC019B03F10804E8E61C469E4444
:10665000DEF80430484643F00103CEF8043054F825
:10666000083FD9608B60FDF755FCD8E61E44726880
:10667000484642F0010272600193FDF74BFC019B1A
:1066800003F10804CBE6D50802F1080120E69D18C5
:1066900042F001025A60654AC4E90455C5E9022284
:1066A00041F001026A60484699510193FDF732FCBE
:1066B000019B03F10804B2E6B00900F13901C900F9
:1066C000383085E7A7425FD0A768796821F00300DA
:1066D0009042A0EB020102D30F293FF737AF4846A3
:1066E000FDF718FC9AE603F15C0503F15B064FEA3F
:1066F000C50E24E6414651F808398B42884640F0E1
:10670000928015F0030F05F1FF35F3D1636823EA9A
:106710000603636076009E423FF68AAE16B987E6AE
:10672000760004301E42FBD0054655E60126801057
:1067300006FA00F0074367605CE705EB010808EA2A
:106740000E01ABEB010606EA0E063146484600F0A4
:10675000F3FC431C019B04BF40461E46DDE90223B7
:10676000C3E6542824D8300B00F16F01C9006E3005
:106770002EE7B3F5AA7F24D8D30B03F1780503F1F4
:1067800077064FEAC50EDAE5294B0BF1FF3E186894
:106790000844186084E615EA0E0F7FF481AEA56800
:1067A000514441F001016960C2E601236B6096E744
:1067B000B0F5AA7F24D8F00B00F17801C90077303A
:1067C00006E740F254518B4224D8930C03F17D0527
:1067D00003F17C064FEAC50EB1E5484607F1080112
:1067E000CDE90123FDF7B8F8A568029B6968186830
:1067F000019A9DE601990026083908EB010074E62C
:1068000040F2545188420AD8B00C00F17D01C90011
:106810007C30DDE64FF47E7E7F257E268FE54FF4CB
:106820007E717E20D4E6636874E700BF0003002019
:106830007428002070B5002941D006460C4610B1DE
:10684000436B002B3ED000F029FA636EB4F90C20A4
:10685000DD0730D4900538D52146304600F04CF89D
:10686000E36A054633B13046E16998470028B8BF6E
:106870004FF0FF35A3891A0639D4216B41B104F1D9
:106880004003994202D03046FDF766F800232363A7
:10689000616C21B13046FDF75FF80023636400228C
:1068A000636EA281DB071ED5A06D00F09DFC00F099
:1068B000FBF9284670BD002ACED100F0F5F900257D
:1068C000284670BD00F0CCF9BDE7A06D00F08EFC4D
:1068D000B4F90C30002BBFD1636ED907EDD4A06D95
:1068E00000F086FCE9E7A06D00F082FCDCE73046B2
:1068F0002169FDF731F8C0E7B1F90C20F8B51507AB
:106900000C46074649D4496842F400630029A38134
:106910005FDDA66A002E3ED0002112F480523D6851
:10692000396061D101233846E169B0470246501C05
:1069300067D0B4F90C30A66A590705D56368D21A36
:10694000236B0BB1E36BD21A00233846E169B047E1
:10695000421CB4F90C3049D139681D293ED82D4A62
:10696000CA40D6073AD5002262602269D904226063
:1069700023F40062A28102D53B68002B3FD0216B3B
:106980003D6041B104F14003994202D03846FCF722
:10699000E3FF002323630020F8BD0E69002EFAD028
:1069A000920718BF00230D6808BF4B690E60AD1B2E
:1069B0008B600BE02B4632463846E169D4F824C0A0
:1069C000E0470028A5EB0005064406DD002DF1DCBC
:1069D000E1E7E16B00299CDCDDE7A38943F040039C
:1069E0004FF0FF30A381F8BD226DA5E70022626061
:1069F0002269226023F40062DB04A281BFD52065F6
:106A0000BDE73B68002B94D01D2B01D0162BE4D1A1
:106A10003D60C0E70100402000B5034683B008B1E7
:106A2000426B52B3B1F90C0098B14A6ED20701D44F
:106A3000820512D518460091FFF75EFF00990346C4
:106A40004A6ED00702D48A8992050ED5184603B043
:106A500000BD0346184603B000BD886D0193009148
:106A600000F0C4FBDDE90013E4E7886D009300F05B
:106A7000BFFB009B184603B000BDCDE9000100F04C
:106A8000EFF8DDE90031CDE7002838D000B51E4B26
:106A900001461B6883B00BB15A6BD2B1B1F90C003F
:106AA00098B14A6ED20701D482051AD518460091D2
:106AB000FFF722FF009903464A6ED00702D48A8965
:106AC000920516D5184603B000BD0346184603B01C
:106AD00000BD01901846009300F0C2F8DDE90031D6
:106AE000DCE7886D0193009100F080FBDDE9001385
:106AF000DCE7886D009300F07BFB009BE2E7034A34
:106B00000349044800F00AB90C07002000070020E0
:106B1000196A000810070020024A0349034800F0E0
:106B2000FDB800BF000700203568000810070020EE
:106B30000C4B416810B59942044601D0FFF77AFE2C
:106B4000A168094B994202D02046FFF773FEE16825
:106B5000064B994204D02046BDE81040FFF76ABEBC
:106B600010BD00BFA828002010290020782900208F
:106B70002DE9F84300250423304C314A3149DFF830
:106B8000C890DFF8C880324F324E116004F15C00CB
:106B900029460822C4E90335C4E90055C4E905556E
:106BA000A560656600F032FA04F15800C4E90749AF
:106BB000C4E90987E66200F015FB274B2946082245
:106BC00004F1C4006367C4E91A55C4E91E5525677A
:106BD000C4F8CC50C4F8805000F018FA04F16803EF
:106BE00004F1C000C4F88430C4E92298C4E92476D2
:106BF00000F0F8FA194B294604F596700822C4F8FB
:106C0000DC30C4E93455C4E93855C4F8D850C4F868
:106C10003451C4F8E85000F0F9F904F1D003C4E9A4
:106C20003D87C4F8F09004F59470C4F8FC60C4F893
:106C3000EC30BDE8F84300F0D5BA00BFA82800202A
:106C4000E0290020196B0008ED6D0008116E0008A6
:106C5000516E0008756E0008090001001200020064
:106C600010B504460A4800F0C1FA636B23B9094B1A
:106C7000094A1B68626323B1BDE81040044800F074
:106C8000B7BAFFF775FFBDE81040014800F0B0BA91
:106C9000E8290020E0290020316B0008014800F0BD
:106CA000A5BA00BFE8290020014800F0A1BA00BF42
:106CB000E829002030B5184B05461B680C4683B008
:106CC0000BB15A6B12B3626ED20702D4A28990053F
:106CD00016D522462946184600F042F8626E034651
:106CE000D10702D4A289920502D5184603B030BD5F
:106CF0000190A06D00F07CFA019B184603B030BDF6
:106D0000A06D019300F072FA019BE2E7184601932F
:106D1000FFF7A6FF019BD6E70C0700202DE9F843FB
:106D200080460F464FF0000916467568013D11D4A4
:106D3000B468A389012B08D9B4F90E30013304D00B
:106D400021464046B84749EA0009013D6B1C04F161
:106D50006804EED13668002EE7D14846BDE8F883D6
:106D600010B5044682B010B1436B002B37D0536E80
:106D7000D80702D493899B0521D59368013B002B4A
:106D800093601ADA9069834210DBC8B20A280DD0EA
:106D900014680346601C10602170516EC80702D44D
:106DA0009189890513D5184602B010BD204600927E
:106DB00000F064F8009A0346EFE7C8B2E8E7906D88
:106DC0000191009200F012FADDE90021D5E7906D03
:106DD000009300F00DFA009B184602B010BDCDE9FB
:106DE0000012FFF73DFFDDE90012C0E710B50C46C9
:106DF000B1F90E1000F08AF9002803DB236D03447B
:106E0000236510BDA38923F48053A38110BD00BF67
:106E10002DE9F0411F46B1F90C301646DA050C4653
:106E200005460BD423F48051A1813B4632462846C7
:106E3000B4F90E10BDE8F04100F090B90223002231
:106E4000B1F90E1000F04CF9B4F90C30EAE700BFCC
:106E500010B50C46B1F90E1000F042F9B4F90C303F
:106E6000421C0EBF23F4805343F480532065A3815A
:106E700010BD00BFB1F90E1000F00CB930B50546D9
:106E80000C4683B010B1436B002B4CD09169B2F922
:106E90000C30916019071FD51169E9B19804516E42
:106EA00026D5890431D4116813695069CB1A9842E8
:106EB0002EDD0133906801389060481C10600C7022
:106EC0005169E4B299421AD09389DB0701D50A2CA3
:106ED00015D0204603B030BD11462846019200F07F
:106EE00027F890B9019AB2F90C30516E9804D8D4B1
:106EF00043F4005321F4005193815166D1E71146C8
:106F00002846FFF789FD0028E3D04FF0FF34E0E783
:106F1000114628460192FFF77FFD0028F5D1019A1E
:106F200001231168C6E70192FFF79AFE019AADE7C7
:106F300010B5354B0446186882B00B4610B1426B51
:106F4000002A53D0B3F90C20110711D51869C8B124
:106F5000B3F90C2012F0010126D04FF0000C596952
:106F6000C3F808C04942996120B3002002B010BDA7
:106F7000D00640D5510723D4186942F008029A81FF
:106F80000028E5D19A8902F42072B2F5007FDFD0A3
:106F900019462046019300F0B1F9019BB3F90C208A
:106FA000186912F00101D8D1940758BF5969996046
:106FB0000028DAD11106D9D542F040029A811FE0AB
:106FC000196B61B103F14000814206D02046019364
:106FD000FCF7C2FC019BB3F90C20002119630021CE
:106FE000186922F02402C3E90001C6E70191FFF706
:106FF00037FE019BA6E7092142F0400221609A81F9
:107000004FF0FF30B2E700BF0C07002030B5840717
:107010008646034606D0A2B303F8011B980702F187
:10702000FF32F8D1032A26D95FFA81FC0CEB0C2C35
:107030000F2A0CEB0C402AD922F00F0C9C44C3E918
:107040000000C3E9020010336345F8D112F00C0FC1
:1070500002F00F0517D01A464FEA950C0CF1FF34D9
:1070600003EB8C0C42F8040B6245FBD1043305F0B2
:10707000030203EB840322B11A4403F8011B9A4272
:10708000FBD1704630BD2A46002AF5D1F9E71546F6
:10709000E1E700BF38B50023064C054608462360EB
:1070A000FCF7DAFF431C00D038BD2368002BFBD06F
:1070B0002B6038BDE429002038B50023074C054675
:1070C000084611462360FDF73EF9431C00D038BD49
:1070D0002368002BFBD02B6038BD00BFE4290020C3
:1070E0008C461146002238B5074C054622606046A2
:1070F0001A46FDF7D5F8431C00D038BD2368002B95
:10710000FBD02B6038BD00BFE42900208C4611461F
:10711000002238B5074C0546226060461A46FDF746
:1071200055F8431C00D038BD2368002BFBD02B60E2
:1071300038BD00BFE429002038B50023064C0546C1
:1071400008462360FCF7C8FE431C00D038BD236806
:10715000002BFBD02B6038BDE42900208C46114663
:10716000002238B5074C0546226060461A46FCF7F7
:10717000BFFF431C00D038BD2368002BFBD02B6021
:1071800038BD00BFE4290020014B1868704700BFDC
:107190000C07002070B50F4B0F4E9E4209D01D46C4
:1071A0000024F61AB61055F8043B01349847A6425D
:1071B000F9D800F07BFF094E094B9E4209D01D46CD
:1071C0000024F61AB61055F8043B01349847A6423D
:1071D000F9D870BD100900201009002018090020FE
:1071E00010090020704700BF704700BF704700BF04
:1071F000704700BF082802D14FF48050704708B58F
:10720000FFF7C2FF162203464FF0FF301A6008BD99
:10721000844641EA000313F0030349D1403A23D3E3
:107220000B6803604B6843608B688360CB68C36006
:107230000B6903614B6943618B698361CB69C361EE
:107240000B6A03624B6A43628B6A8362CB6AC362D6
:107250000B6B03634B6B43638B6B8363CB6BC363BE
:1072600040304031403ADBD230320BD30B68036000
:107270004B6843608B688360CB68C360103010310B
:10728000103AF3D20C3205D351F8043B40F8043BDA
:10729000043AF9D2043208D0D2071CBF11F8013BDE
:1072A00000F8013B01D30B8803806046704700BFA4
:1072B000082A13D38B07B1D010F00303AED0C3F16B
:1072C0000403D21ADB071CBF11F8013B00F8013B95
:1072D000A4D331F8023B20F8023B9FE7043AD9D30C
:1072E000013A11F8013B00F8013BF9D20B78037029
:1072F0004B7843708B78837060467047B1F90C20EF
:10730000930706D5012201F14303C1E904320B6062
:10731000704730B50B46B1F90E100446002999B0FC
:1073200032DB02AA0093FFF7C7FE0028009B29DB8F
:107330004FF4806120460093039DFCF70BFB009BFC
:10734000B3F90C2000283BD0186018614FF480601E
:1073500005F4704142F08002B1F5005F9A815861F6
:107360003CD1B3F90E102046009300F03BF8009B8F
:10737000B3F90C2090B322F003024FF4006C42F0FA
:10738000010218E0B3F90C2012F0800F0CBF4FF48B
:1073900080614021204601930091FCF7DBFA019BBC
:1073A0000099B3F90C2058B14FF0000CC3E9040167
:1073B00042F08002186042EA0C029A8119B030BD96
:1073C0009105FBD4012022F0030203F1430142F0B6
:1073D0000202C3E904109A811960EFE74FF4006CD0
:1073E000E9E700BF38B50023064C05460846236090
:1073F000FCF7EAFE431C00D038BD2368002BFBD00D
:107400002B6038BDE429002081F0004102E000BF7C
:1074100083F0004330B54FEA41044FEA430594EA54
:10742000050F08BF90EA020F1FBF54EA000C55EA8F
:10743000020C7FEA645C7FEA655C00F0E2804FEA60
:107440005454D4EB5555B8BF6D420CDD2C4480EA42
:10745000020281EA030382EA000083EA010180EA72
:10746000020281EA0303362D88BF30BD11F0004FC0
:107470004FEA01314FF4801C4CEA113102D04042F6
:1074800061EB410113F0004F4FEA03334CEA133331
:1074900002D0524263EB430394EA050F00F0A78049
:1074A000A4F10104D5F1200E0DDB02FA0EFC22FA44
:1074B00005F2801841F1000103FA0EF2801843FA38
:1074C00005F359410EE0A5F120050EF1200E012A29
:1074D00003FA0EFC28BF4CF0020C43FA05F3C01867
:1074E00051EBE37101F0004507D54FF0000EDCF1E0
:1074F000000C7EEB00006EEB0101B1F5801F1BD389
:10750000B1F5001F0CD349085FEA30004FEA3C0C8C
:1075100004F101044FEA445212F5800F80F09A8082
:10752000BCF1004F08BF5FEA500C50F1000041EB86
:10753000045141EA050130BD5FEA4C0C404141EB8A
:107540000101013C28BFB1F5801FE9D291F0000F85
:1075500004BF01460020B1FA81F308BF2033A3F134
:107560000B03B3F120020CDA0C3208DD02F1140C2B
:10757000C2F10C0201FA0CF021FA02F10CE002F166
:107580001402D8BFC2F1200C01FA02F120FA0CFC5F
:10759000DCBF41EA0C019040E41AA2BF01EB0451A8
:1075A000294330BD6FEA04041F3C1CDA0C340EDCA6
:1075B00004F11404C4F1200220FA04F001FA02F3E9
:1075C00040EA030021FA04F345EA030130BDC4F1A7
:1075D0000C04C4F1200220FA02F001FA04F340EA9C
:1075E0000300294630BD21FA04F0294630BD94F04D
:1075F000000F83F4801306BF81F480110134013D34
:107600004EE77FEA645C18BF7FEA655C29D094EAA4
:10761000050F08BF90EA020F05D054EA000C04BF22
:107620001946104630BD91EA030F1EBF002100200D
:1076300030BD5FEA545C05D14000494128BF41F0AC
:10764000004130BD14F580043CBF01F5801130BD10
:1076500001F0004545F0FE4141F470014FF000009B
:1076600030BD7FEA645C1ABF194610467FEA655C4C
:107670001CBF0B46024650EA013406BF52EA0335EE
:1076800091EA030F41F4002130BD00BF90F0000FDC
:1076900004BF0021704730B54FF4806404F1320418
:1076A0004FF000054FF0000150E700BF90F0000FD1
:1076B00004BF0021704730B54FF4806404F13204F8
:1076C00010F0004548BF40424FF000013EE700BFC8
:1076D00042004FEAE2014FEA31014FEA02701FBF58
:1076E00012F07F4393F07F4F81F06051704732F08A
:1076F0007F4208BF704793F07F4F04BF41F40021E1
:10770000704730B54FF4607401F0004521F000413E
:107710001CE700BF50EA010208BF704730B54FF0C8
:1077200000050AE050EA010208BF704730B511F0C9
:10773000004502D5404261EB41014FF4806404F101
:1077400032045FEA915C3FF4D8AE4FF003025FEA87
:10775000DC0C18BF03325FEADC0C18BF033202EB0B
:10776000DC02C2F1200300FA03FC20FA02F001FA65
:1077700003FE40EA0E0021FA02F11444BDE600BF08
:1077800070B54FF0FF0C4CF4E06C1CEA11541DBFB7
:107790001CEA135594EA0C0F95EA0C0F00F0DEF882
:1077A0002C4481EA030621EA4C5123EA4C5350EA67
:1077B000013518BF52EA033541F4801143F48013B8
:1077C00038D0A0FB02CE4FF00005E1FB02E506F049
:1077D0000042E0FB03E54FF00006E1FB03569CF09E
:1077E000000F18BF4EF0010EA4F1FF04B6F5007FA4
:1077F00064F5407404D25FEA4E0E6D4146EB060616
:1078000042EAC62141EA55514FEAC52040EA5E509E
:107810004FEACE2EB4F1FD0C88BFBCF5E06F1ED848
:10782000BEF1004F08BF5FEA500E50F1000041EB7F
:10783000045170BD06F0004646EA010140EA02002C
:1078400081EA0301B4EB5C04C2BFD4EB0C0541EA4E
:10785000045170BD41F480114FF0000E013C00F363
:10786000AB8014F1360FDEBF002001F0004170BD87
:10787000C4F10004203C35DA0C341BDC04F11404A0
:10788000C4F1200500FA05F320FA04F001FA05F22C
:1078900040EA020001F0004221F0004110EBD370F9
:1078A00021FA04F642EB06015EEA430E08BF20EA25
:1078B000D37070BDC4F10C04C4F1200500FA04F3C8
:1078C00020FA05F001FA04F240EA020001F000415A
:1078D00010EBD37041F100015EEA430E08BF20EACD
:1078E000D37070BDC4F1200500FA05F24EEA020E15
:1078F00020FA04F301FA05F243EA020321FA04F044
:1079000001F0004121FA04F220EA020000EBD370FA
:107910005EEA430E08BF20EAD37070BD94F0000FFA
:107920000FD101F00046400041EB010111F4801F2E
:1079300008BF013CF7D041EA060195F0000F18BFDF
:10794000704703F00046520043EB030313F4801F1B
:1079500008BF013DF7D043EA0603704794EA0C0FD5
:107960000CEA135518BF95EA0C0F0CD050EA4106EB
:1079700018BF52EA4306D1D181EA030101F0004168
:107980004FF0000070BD50EA410606BF1046194690
:1079900052EA430619D094EA0C0F02D150EA01369C
:1079A00013D195EA0C0F05D152EA03361CBF1046DD
:1079B00019460AD181EA030101F0004141F0FE417C
:1079C00041F470014FF0000070BD41F0FE4141F400
:1079D000780170BD70B54FF0FF0C4CF4E06C1CEA00
:1079E00011541DBF1CEA135594EA0C0F95EA0C0FB5
:1079F00000F0A7F8A4EB050481EA030E52EA033570
:107A00004FEA013100F088804FEA03334FF0805590
:107A100045EA131343EA12634FEA022245EA1115BD
:107A200045EA10654FEA00260EF000419D4208BF6E
:107A3000964244F1FD0404F5407402D25B084FEA1B
:107A40003202B61A65EB03055B084FEA32024FF4C7
:107A500080104FF4002CB6EB020E75EB030E22BF24
:107A6000B61A754640EA0C005B084FEA3202B6EBE4
:107A7000020E75EB030E22BFB61A754640EA5C0093
:107A80005B084FEA3202B6EB020E75EB030E22BF23
:107A9000B61A754640EA9C005B084FEA3202B6EB24
:107AA000020E75EB030E22BFB61A754640EADC00E3
:107AB00055EA060E18D04FEA051545EA16754FEA45
:107AC00006164FEAC30343EA52734FEAC2025FEA63
:107AD0001C1CC0D111F4801F0BD141EA00014FF0F2
:107AE00000004FF0004CB6E711F4801F04BF0143C3
:107AF0000020B4F1FD0C88BFBCF5E06F3FF6AFAEDF
:107B0000B5EB030C04BFB6EB020C5FEA500C50F16E
:107B1000000041EB045170BD0EF0004E4EEA1131F1
:107B200014EB5C04C2BFD4EB0C0541EA045170BDF8
:107B300041F480114FF0000E013C90E645EA060E3C
:107B40008DE60CEA135594EA0C0F08BF95EA0C0F6A
:107B50003FF43BAF94EA0C0F0AD150EA01347FF4B2
:107B600034AF95EA0C0F7FF425AF104619462CE789
:107B700095EA0C0F06D152EA03353FF4FDAE1046EC
:107B8000194622E750EA410618BF52EA43067FF43D
:107B9000C5AE50EA41047FF40DAF52EA43057FF4CD
:107BA000EBAE12E74FF0FF3C06E000BF4FF0010CD8
:107BB00002E000BF4FF0010C4DF804CD4FEA410C3C
:107BC0007FEA6C5C4FEA430C18BF7FEA6C5C1BD009
:107BD00001B050EA410C0CBF52EA430C91EA030F8A
:107BE00002BF90EA020F0020704710F1000F91EAE7
:107BF000030F58BF994208BF90422CBFD8176FEAB5
:107C0000E37040F0010070474FEA410C7FEA6C5C82
:107C100002D150EA013C07D14FEA430C7FEA6C5C89
:107C2000D6D152EA033CD3D05DF8040B704700BFB5
:107C30008446104662468C461946634600E000BF03
:107C400001B5FFF7B7FF002848BF10F1000F01BDD5
:107C50004DF808EDFFF7F4FF0CBF012000205DF8A0
:107C600008FB00BF4DF808EDFFF7EAFF34BF012025
:107C700000205DF808FB00BF4DF808EDFFF7E0FFBE
:107C800094BF012000205DF808FB00BF4DF808ED0F
:107C9000FFF7CEFF94BF012000205DF808FB00BF76
:107CA0004DF808EDFFF7C4FF34BF012000205DF858
:107CB00008FB00BF4A0011D212F5001211D20DD5F7
:107CC0006FF47873B3EB62520ED44FEAC12343F0E2
:107CD000004343EA505323FA02F070474FF000008C
:107CE000704750EA013002D14FF0FF3070474FF03B
:107CF0000000704753B94AB9002908BF00281CBFCB
:107D00004FF0FF314FF0FF3000F0CEB9ADF1080C6D
:107D10006DE904CE00F03CF8DDF804E0DDE9022373
:107D200004B0704738B50022002304460D46FFF723
:107D300099FF28B920462946BDE8384000F00AB826
:107D4000204605F1004100F005F8404261EB410199
:107D500038BD00BF70B500220B4B04460D46FFF73F
:107D60000FFDFFF7A7FF0646FFF790FC0022074B29
:107D7000FFF706FD02460B4620462946FFF748FB63
:107D8000FFF798FF314670BD0000F03D0000F04164
:107D90002DE9F047074616460846BC460D46089AA8
:107DA000002B4FD18E42B64669D9B6FA86F44CB153
:107DB000C4F12003A54027FA03F306FA04FE1D438D
:107DC00007FA04FC4FEA1E47B5FBF7F107FB115514
:107DD0001FFA8EF04FEA1C4343EA054301FB00F50E
:107DE0009D420AD91EEB030301F1FF3680F0F680B5
:107DF0009D4240F2F380023973445B1BB3FBF7F5FD
:107E000007FB153305FB00F01FFA8CFC4CEA034C12
:107E100060450AD91EEB0C0C05F1FF3380F0E080C1
:107E2000604540F2DD80F444023DACEB000C45EAD5
:107E30000140002122B12CFA04F30024C2E90034ED
:107E4000BDE8F0878B4206D90AB1C2E90071002172
:107E50000846BDE8F087B3FA83F100294CD183428C
:107E600002D3BE4200F20F81B7EB060C60EB0303B6
:107E700001201D46002AE3D0C2E900C5E0E7002E3C
:107E800000F095801C46B6FA86F3002B40F0AA80DD
:107E90008D1B0121370CB6B2B5FBF7F007FB10556F
:107EA0004FEA1C4343EA054306FB00F59D4208D90F
:107EB0001EEB030300F1FF3802D29D4200F2E8807E
:107EC00040465B1BB3FBF7F507FB15331FFA8CFC31
:107ED0004CEA034C06FB05F3634508D91EEB0C0C7A
:107EE00005F1FF3602D2634500F2CF803546ACEB98
:107EF000030C45EA00409DE7C1F120058B4026FABE
:107F000005FC4CEA030C20FA05F44FEA1C4E06FA75
:107F100001F9B4FBFEF6884027FA05F303430EFB94
:107F200016401FFA8CF807FA01FA1F0C47EA0044C2
:107F300006FB08F0A0420AD91CEB040406F1FF3747
:107F400080F09F80A04240F29C80023E6444241A4C
:107F5000B4FBFEF00EFB104400FB08FE9BB243EAAC
:107F600004439E450AD91CEB030300F1FF3480F063
:107F700086809E4540F283800238634440EA064092
:107F8000A0FB0974A3EB0E03A342BE46264665D3AD
:107F900062D052B1BAEB0E0463EB060303FA05F5A7
:107FA000CC402543CB40C2E90053002148E77B0881
:107FB00043EAC1734C08190C41EA04419BB2B4FB7B
:107FC000F6F04FEAC77C43EA01433546B1FBF6F1D0
:107FD00037461F245D1B41EA00415DE731460CE74F
:107FE0001D4622E71C4606FA03FEC3F1200321FAD0
:107FF00003F5A04027FA03F307FA04FC4FEA1E47F3
:108000000343B5FBF7F007FB10551FFA8EF6190C6A
:1080100041EA054100FB06F58D423ED91EEB010108
:1080200001D28D4221D8491BB1FBF7F5A84605FBCB
:1080300006F5013807FB18119BB243EA0143AB4236
:1080400029D21EEB030308F1FF31C3D2AB42C1D2E8
:10805000A8F102017344BDE7BA459AD2B7EB090E05
:1080600064EB0C040138264693E7AEEB0505294482
:10807000B1FBF7F50238A84605FB06F5DAE720461E
:108080007CE73E4663E70846F4E6F444023D2EE70B
:108090000238734415E741469CE7491BB1FBF7F5ED
:1080A000A84605FB06F5C5E7704700BFF8B500BF59
:1080B000F8BC08BC9E467047F8B500BFF8BC08BCC9
:1080C0009E4670470300000000440040D21F00009D
:1080D0000A00000000380140D21F00001700000015
:1080E00000380140D21F00001B0000000048004083
:1080F000D21F00002B00000000480040D21F0000EB
:108100002B010000004C0040D22300003200000090
:1081100000500040D2230000FFFF0000FFFFFFFFE0
:10812000000000000200000000440040D21F0000D8
:108130000900000000380140D21F000016000000B6
:1081400000380140D21F00001A0000000048004023
:10815000D21F00002A00000000480040D21F00008B
:108160002A010000004C0040D22300002C00000037
:1081700000500040D2230000FFFF0000FFFFFFFF80
:1081800000000000536574537973436C6F636B2078
:108190006661696C65640A0050696E6D6170206586
:1081A00072726F723A2077726F6E6720706F72749E
:1081B000206E756D6265722E00463A2F4353486FEC
:1081C0006D652F4D6265642F746F6F6C735F6D62A8
:1081D00065642F6D6265642D6F732F7461726765BE
:1081E00074732F5441524745545F53544D2F677059
:1081F000696F5F6170692E630070696E20213D2098
:108200002850696E4E616D65294E4300463A2F43F2
:1082100053486F6D652F4D6265642F746F6F6C737B
:108220005F6D6265642F6D6265642D6F732F74617D
:1082300072676574732F5441524745545F53544DD0
:108240002F70696E6D61702E630043616E6E6F7486
:1082500020696E697469616C697A65205541525470
:10826000207769746820626175642072617465208A
:1082700025750A004572726F723A206E6577207319
:10828000657269616C206F626A656374206973202E
:108290007573696E672073616D6520554152542076
:1082A000617320535444494F00463A2F4353486F5B
:1082B0006D652F4D6265642F746F6F6C735F6D62B7
:1082C00065642F6D6265642D6F732F7461726765CD
:1082D00074732F5441524745545F53544D2F736567
:1082E0007269616C5F6170692E63006F626A5F73AF
:1082F0002D3E7561727420213D2028554152544E07
:10830000616D65294E43006F626A5F732D3E696E31
:10831000646578203E3D203000466F72636550658D
:10832000726970684F75746F6644656570536C65EB
:10833000657020636C6F636B2069737375650D0ADC
:1083400000466F7263654F73634F75746F66446563
:108350006570536C65657020636C6F636B20697327
:108360007375650D0A00646D615F6D7574657800E5
:10837000463A2F4353486F6D652F4D6265642F74E5
:108380006F6F6C735F6D6265642F6D6265642D6FD6
:10839000732F706C6174666F726D2F696E636C758C
:1083A00064652F706C6174666F726D2F43697263C0
:1083B000756C61724275666665722E680076616CD6
:1083C000203C3D2042756666657253697A650046B9
:1083D0003A2F4353486F6D652F4D6265642F746F5C
:1083E0006F6C735F6D6265642F6D6265642D6F7372
:1083F0002F706C6174666F726D2F696E636C75643B
:10840000652F706C6174666F726D2F43616C6C6266
:1084100061636B2E6800626F6F6C282A74686973E1
:108420002900463A2F4353486F6D652F4D626564AE
:108430002F746F6F6C735F6D6265642F6D6265641E
:108440002D6F732F68616C2F736F757263652F6D5D
:108450006265645F637269746963616C5F736563AD
:1084600074696F6E5F6170692E6300216172655F70
:10847000696E74657272757074735F656E61626C3B
:10848000656428290070696E6D6170206D69732DB7
:108490006D617463680070696E6D6170206E6F74D9
:1084A00020666F756E6420666F72207065726970E9
:1084B000686572616C00463A2F4353486F6D652FB3
:1084C0004D6265642F746F6F6C735F6D6265642FAE
:1084D0006D6265642D6F732F68616C2F736F757299
:1084E00063652F6D6265645F7469636B65725F615C
:1084F00070692E63006D617463685F7469636B20DB
:10850000213D2071756575652D3E7469636B5F6CE7
:108510006173745F7265616400463A2F4353486F1C
:108520006D652F4D6265642F746F6F6C735F6D6244
:1085300065642F6D6265642D6F732F68616C2F7396
:108540006F757263652F6D70752F6D6265645F6DF9
:1085500070755F76376D2E6300726567696F6E7335
:10856000203E3D2034000A52252D34643A20253027
:10857000386C58000A53502020203A202530386C9F
:10858000580A4C522020203A202530386C580A5086
:10859000432020203A202530386C580A7850535216
:1085A000203A202530386C580A50535020203A2069
:1085B0002530386C580A4D535020203A2025303849
:1085C0006C58000A43505549443A202530386C58BD
:1085D000000A48465352203A202530386C580A4D3C
:1085E0004D4653523A202530386C580A4246535271
:1085F000203A202530386C580A55465352203A20EC
:108600002530386C580A44465352203A20253038D9
:108610006C580A41465352203A202530386C580095
:108620000A4D4D4641523A202530386C58000A42D6
:10863000464152203A202530386C58000A4D6F646C
:1086400065203A20546872656164000A5072697648
:10865000203A2055736572000A50726976203A20DC
:1086600050726976696C65676564000A4D6F646570
:10867000203A2048616E646C6572000A537461632D
:108680006B3A20505350000A537461636B3A204D8B
:108690005350000A2B2B204D6265644F53204661D6
:1086A000756C742048616E646C6572202B2B0A0A0D
:1086B0004661756C74547970653A20004D656D4D56
:1086C000616E6167654661756C74004275734661E1
:1086D000756C740055736167654661756C7400480C
:1086E0006172644661756C74000A0A436F6E74654A
:1086F00078743A000A0A2D2D204D6265644F53208C
:108700004661756C742048616E646C6572202D2D15
:108710000A0A004661756C74206578636570746937
:108720006F6E002E2E2E0A00463A2F4353486F6D6F
:10873000652F4D6265642F746F6F6C735F6D62653A
:10874000642F6D6265642D6F732F706C6174666F3A
:10875000726D2F736F757263652F6D6265645F63F1
:108760007269746963616C2E630063726974696312
:10877000616C5F73656374696F6E5F7265656E745B
:1087800072616E63795F636F756E746572203C20F1
:1087900055494E5433325F4D4158003C756E6E6101
:1087A0006D65643E00203C68616E646C65723E00DD
:1087B0000A0A2B2B204D6265644F53204572726F5D
:1087C0007220496E666F202B2B0A4572726F7220E1
:1087D0005374617475733A203078255820436F6460
:1087E000653A202564204D6F64756C653A202564D8
:1087F0000A4572726F72204D6573736167653A2026
:10880000004B65726E656C204572726F723A203053
:1088100078256C582C20005468726561643A2030C9
:1088200078256C582C20004D757465783A20307886
:10883000256C582C200053656D6170686F72653A25
:10884000203078256C582C20004D656D6F72795062
:108850006F6F6C3A203078256C582C200045766577
:108860006E74466C6167733A203078256C582C2002
:108870000054696D65723A203078256C582C2000C0
:108880004D65737361676551756575653A2030781C
:10889000256C582C2000417373657274696F6E20CB
:1088A0006661696C65643A20000A4C6F63617469A3
:1088B0006F6E3A203078256C58000A46696C653A2C
:1088C00020002B2564000A4572726F722056616C7D
:1088D00075653A203078256C58000A4375727265C8
:1088E0006E74205468726561643A20257325732084
:1088F00049643A203078256C5820456E7472793A74
:10890000203078256C5820537461636B53697A6505
:108910003A203078256C5820537461636B4D656D37
:108920003A203078256C582053503A203078256C06
:108930005820000A466F72206D6F726520696E665E
:108940006F2C2076697369743A2068747470733A76
:108950002F2F6D6265642E636F6D2F732F6572729A
:108960006F723F6572726F723D30782530385826CD
:108970007467743D4E55434C454F5F4C3135325210
:1089800045000A2D2D204D6265644F5320457272BB
:108990006F7220496E666F202D2D0A00466174614A
:1089A0006C2052756E2D74696D65206572726F72E0
:1089B0000044656570536C6565704C6F636B206F28
:1089C000766572666C6F7720283E20307846464682
:1089D00046290044656570536C6565704C6F636B28
:1089E00020756E646572666C6F7720283C20302994
:1089F00000463A2F4353486F6D652F4D6265642FD3
:108A0000746F6F6C735F6D6265642F6D6265642D4A
:108A10006F732F706C6174666F726D2F736F7572E8
:108A200063652F6D6265645F7265746172676574FA
:108A30002E63707000286775617264202620435889
:108A4000415F47554152445F4D41534B29203D3DC5
:108A50002030002867756172642026204358415FEA
:108A600047554152445F4D41534B29203D3D2043E2
:108A700058415F47554152445F494E49545F494E02
:108A80005F50524F4752455353004572726F7220E8
:108A90002D2077726974696E6720746F206120667B
:108AA000696C6520696E20616E20495352206F7297
:108AB00020637269746963616C2073656374696FA4
:108AC0006E0D0A000D004572726F72202D207265C6
:108AD0006164696E672066726F6D20612066696CE3
:108AE0006520696E20616E20495352206F722063A9
:108AF0007269746963616C2073656374696F6E0D6C
:108B00000A006170706C69636174696F6E5F756E85
:108B10006E616D65645F6D7574657800463A2F43CC
:108B200053486F6D652F4D6265642F746F6F6C7362
:108B30005F6D6265642F6D6265642D6F732F727453
:108B40006F732F736F757263652F4D757465782E13
:108B5000637070005F6964207C7C206D6265645F77
:108B60006765745F6572726F725F696E5F70726F56
:108B700067726573732829004D75746578206C6F72
:108B8000636B206661696C6564004D75746578205F
:108B9000756E6C6F636B206661696C656400463A44
:108BA0002F4353486F6D652F4D6265642F746F6F4F
:108BB0006C735F6D6265642F6D6265642D6F732FDA
:108BC00072746F732F736F757263652F5468697356
:108BD0005468726561642E6370700028666C61670A
:108BE00073203D3D206F73466C6167734572726FF1
:108BF0007254696D656F75742026262072656C5FEE
:108C000074696D6520213D20776169745F666F72BC
:108C10005F7533325F666F726576657229207C7C82
:108C20002028666C616773203D3D206F73466C6140
:108C300067734572726F725265736F7572636520E8
:108C400026262072656C5F74696D65203D3D20723B
:108C5000656C5F74696D652E7A65726F28292900CD
:108C6000737461747573203D3D206F734F4B006DBD
:108C7000616C6C6F635F6D7574657800656E765FAF
:108C80006D75746578006D61696E00507265206D58
:108C900061696E20746872656164206E6F74206310
:108CA000726561746564004661696C656420746F07
:108CB0002073746172742052544F530073696E674D
:108CC0006C65746F6E5F6D7574657800434D5349C4
:108CD000532D52544F53206572726F723A20537461
:108CE00061636B206F766572666C6F7700434D53DE
:108CF00049532D52544F53206572726F723A204976
:108D00005352205175657565206F766572666C6F7C
:108D10007700434D5349532D52544F53206572727F
:108D20006F723A20557365722054696D65722043E5
:108D3000616C6C6261636B205175657565206F763F
:108D40006572666C6F7700434D5349532D52544FF3
:108D500053206572726F723A2053544420432F435C
:108D60002B2B206C696272617279206C696273705E
:108D7000616365206E6F7420617661696C61626CFD
:108D80006500434D5349532D52544F532065727221
:108D90006F723A2053544420432F432B2B206C698D
:108DA0006272617279206D7574657820696E69747C
:108DB00069616C697A6174696F6E206661696C655E
:108DC0006400434D5349532D52544F5320657272E2
:108DD0006F723A20556E6B6E6F776E004E6F742017
:108DE000616C6C6F77656420696E20495352206313
:108DF0006F6E746578740053797374656D20697350
:108E0000206F7574206F66206D656D6F72790050EC
:108E10006172616D65746572206572726F72005265
:108E200065736F75726365206E6F7420617661691A
:108E30006C61626C65004F7065726174696F6E2061
:108E40006E6F7420636F6D706C65746564207769F4
:108E50007468696E207468652074696D656F7574D7
:108E600020706572696F6400556E73706563696622
:108E70006965642052544F53206572726F720052BC
:108E800054582056352E392E30007274785F74692C
:108E90006D6572007274785F69646C650000000033
:108EA00001000000020000000400000008000000B3
:108EB00010000000200000004000000080000000C2
:108EC0000001000000020000000400000008000093
:108ED00000100000002000000040000000800000A2
:108EE00040420F00200000006683000803000000DD
:108EF000BC0B00201C000000000000000102030465
:108F00000000000000000000010203040607080939
:108F1000030406080C1018203000000000000000B8
:108F200000000000AD280008AD280008A5220008B8
:108F3000DD220008CD230008C927000831260008DB
:108F4000972200089B2200089F2200089523000812
:108F50007B2200088B220008AD2600086D2800083F
:108F6000D92400081CFFFFFF00000000D5220008E4
:108F7000F3220008A5260008652800081F23000822
:108F800017230008C52300081B23000861220008DE
:108F90006B220008013900087522000883220008AE
:108FA00091220008D526000895280008FF23000814
:108FB000172500080000000000000000AD28000890
:108FC000AD280008912A0008E12A0008D48F000883
:108FD000E00B0020CD110008E51100082D1200085B
:108FE00041120008F11100080D1200087D2F000841
:108FF00019110008000000006100000000000000DE
:109000000000000000000000000000000000000060
:1090100000000000110031002100000000000000ED
:1090200051000000000041303132333435363738DA
:10903000394142434445463031323334353637388E
:109040003961626364656600FFFFFFFF0200000094
:10905000FFFFFFFF03000000FFFFFFFF0000000015
:10906000BC8C00080B000000201100201C00000038
:10907000DC8D0008F78D00080F8E00081F8E000899
:10908000368E0008688E0008000000000000000016
:1090900000000000000000000000000000000000D0
:1090A00000000000000000000000000000000000C0
:1090B00000000000000000000000000000000000B0
:1090C00001000000E803000005000000E027002088
:1090D0001000000000000000000000000000000080
:1090E0000000000000000000000000000000000080
:1090F0000000000000000000000000000000000070
:10910000000000000000000000000000000000005F
:109110000000000000100000709100084C91000851
:10912000B55E0008955E0008349100080400000058
:1091300000000000000000000000000008220020E5
:1091400034000000B8210020500000008A8E000882
:1091500000000000402500205000000040220020B8
:1091600000030000280000000100000000000000D3
:10917000948E0008000000009025002050000000A0
:10918000E0250020000200000100000001000000B6
:0C919000000000000102040800000000C4
:08919C002C70FF7F01000000B0
:1091A400000000001000000068FF1F001D2F0008D1
:1091B400F0290020FFFFFFFFFFFFFFFFFFFFFFFF7E
:1091C400000000000000000000000000000000009B
:1091D400000000000000000000000000000000008B
:1091E400000000000000000000000000000000007B
:1091F400000000000000000000000000000000006B
:10920400000000000000000000000000000000005A
:10921400000000000000000000000000000000004A
:10922400000000000000000000000000000000003A
:10923400000000000000000000000000000000002A
:10924400000000000000000000000000000000001A
:10925400000000000000000000000000000000000A
:1092640000000000000000000000000000000000FA
:1092740000000000000000000000000000000000EA
:1092840000000000000000000000000000000000DA
:1092940000000000000000000000000000000000CA
:1092A40000000000000000000000000000000000BA
:1092B40000000000354800087F8E00081050FC02B2
:1092C400000000000000000000000000000000009A
:1092D400000000000000000000000000000000008A
:1092E400000000000000000000000000000000007A
:1092F400000000000000000000000000000000006A
:109304000000000000000000000000000000000059
:109314000000000000000000000000000000000049
:109324000000000000000000000000000000000039
:109334000000000000000000000000000000000029
:109344000000000000000000000000000000000019
:10935400000000000000000000000000C0F9A4B0FC
:10936400999282F88090FF00FFFFFFFF0000020047
:109374000000000000000000F8020020F8020020B5
:10938400000300200003002008030020080300203D
:1093940010030020100300201803002018030020ED
:1093A400200300202003002028030020280300209D
:1093B400300300203003002038030020380300204D
:1093C40040030020400300204803002048030020FD
:1093D40050030020500300205803002058030020AD
:1093E400600300206003002068030020680300205D
:1093F400700300207003002078030020780300200D
:1094040080030020800300208803002088030020BC
:10941400900300209003002098030020980300206C
:10942400A0030020A0030020A8030020A80300201C
:10943400B0030020B0030020B8030020B8030020CC
:10944400C0030020C0030020C8030020C80300207C
:10945400D0030020D0030020D8030020D80300202C
:10946400E0030020E0030020E8030020E8030020DC
:10947400F0030020F0030020F8030020F80300208C
:109484000004002000040020080400200804002038
:1094940010040020100400201804002018040020E8
:1094A4002004002020040020280400202804002098
:1094B4003004002030040020380400203804002048
:1094C40040040020400400204804002048040020F8
:1094D40050040020500400205804002058040020A8
:1094E4006004002060040020680400206804002058
:1094F4007004002070040020780400207804002008
:1095040080040020800400208804002088040020B7
:109514009004002090040020980400209804002067
:10952400A0040020A0040020A8040020A804002017
:10953400B0040020B0040020B8040020B8040020C7
:10954400C0040020C0040020C8040020C804002077
:10955400D0040020D0040020D8040020D804002027
:10956400E0040020E0040020E8040020E8040020D7
:10957400F0040020F0040020F8040020F804002087
:109584000005002000050020080500200805002033
:1095940010050020100500201805002018050020E3
:1095A4002005002020050020280500202805002093
:1095B4003005002030050020380500203805002043
:1095C40040050020400500204805002048050020F3
:1095D40050050020500500205805002058050020A3
:1095E4006005002060050020680500206805002053
:1095F4007005002070050020780500207805002003
:1096040080050020800500208805002088050020B2
:109614009005002090050020980500209805002062
:10962400A0050020A0050020A8050020A805002012
:10963400B0050020B0050020B8050020B8050020C2
:10964400C0050020C0050020C8050020C805002072
:10965400D0050020D0050020D8050020D805002022
:10966400E0050020E0050020E8050020E8050020D2
:10967400F0050020F0050020F8050020F805002082
:10968400000600200006002008060020080600202E
:1096940010060020100600201806002018060020DE
:1096A400200600202006002028060020280600208E
:1096B400300600203006002038060020380600203E
:1096C40040060020400600204806002048060020EE
:1096D400500600205006002058060020580600209E
:1096E400600600206006002068060020680600204E
:1096F40070060020700600207806002078060020FE
:1097040080060020800600208806002088060020AD
:10971400900600209006002098060020980600205D
:10972400A0060020A0060020A8060020A80600200D
:10973400B0060020B0060020B8060020B8060020BD
:10974400C0060020C0060020C8060020C80600206D
:10975400D0060020D0060020D8060020D80600201D
:10976400E0060020E0060020E8060020E8060020CD
:10977400F0060020F00600200000000003000000B6
:10978400A82800201007002000000000A8280020BE
:1097940010290020782900200000000000000000AB
:1097A40000000000000000000000000000000000B5
:1097B40000000000000000000000000000000000A5
:1097C4000000000000000000000000000000000095
:1097D4000000000000000000000000000000000085
:1097E4000000000000000000000000000000000075
:1097F4000000000000000000000000000000000065
:109804000000000000000000000000000000000054
:109814000000000000000000000000000000000044
:1098240001000000000000000E33CDAB34126DE6E1
:10983400ECDE05000B00000000000000000000004A
:109844000000000000000000000000000000000014
:109854000000000000000000000000000000000004
:1098640000000000000000000000000000000000F4
:1098740000000000000000000000000000000000E4
:1098840000000000000000000000000000000000D4
:1098940000000000000000000000000000000000C4
:1098A40000000000000000000000000000000000B4
:1098B40000000000000000000000000000000000A4
:1098C4000000000000000000000000000000000094
:1098D4000000000000000000000000000000000084
:1098E4000000000000000000000000000000000074
:1098F4000000000000000000000000000000000064
:109904000000000000000000000000000000000053
:109914000000000000000000000000000000000043
:109924000000000000000000000000000000000033
:109934000000000000000000000000000000000023
:109944000000000000000000000000000000000013
:109954000000000000000000000000000000000003
:1099640000000000000000000000000000000000F3
:1099740000000000000000000000000000000000E3
:109984000000000000000000A5010008C55F0008F9
:089994007D0100080000000045
:0400000508000245A8
:00000001FF
